{"train": [1.7214302513926936, 1.2575083904373, 1.0010811890276095, 0.8504266601781876, 0.732280114397835, 0.6619094713998679, 0.6130615378530643, 0.5789166369948524, 0.5455232033143028, 0.5181932616919375, 0.49956665995021976, 0.4816049274545127, 0.45908328062429216, 0.44394350632691915, 0.4331188237609955, 0.42317521176970424, 0.4149537281677746, 0.400731162903027, 0.3939030328021644, 0.374995512417711, 0.37351696340801616, 0.3641969670122043, 0.35113062545323903, 0.3413464228946942, 0.338620085971424, 0.3315014091257851, 0.3257725927205131, 0.32009808309733295, 0.3152907977279383, 0.30738297171486073, 0.3073657144087191, 0.30013670803258974, 0.29434661219676084, 0.29191689036143853, 0.28626288102267267, 0.2793530778001292, 0.2715448979466868, 0.26975958001689787, 0.26864634206691107, 0.25906758293652304, 0.25141311460695326, 0.24999941504610995, 0.24279500605961005, 0.24095808233792027, 0.23512520938635634, 0.2291266644915072, 0.22871993793942297, 0.21538352697325971, 0.21168291794891936, 0.21036916961685156, 0.2040955592601444, 0.19865280875382713, 0.19736383091241788, 0.19513715653659436, 0.19094322538509156, 0.18047807765559268, 0.17399399599042564, 0.17760079568281723, 0.1675593655901595, 0.16015749602034068, 0.16307022929572448, 0.15519346414615934, 0.1475987698490056, 0.14642571834043955, 0.13767095501668536, 0.13319468839814108, 0.1300620085562761, 0.12573458429890128, 0.12012309904772633, 0.11617313872891874, 0.10940474624070115, 0.10393646886697211, 0.09880603367861468, 0.09891037828030107, 0.08920755589041657, 0.08566508669489489, 0.08265421513956005, 0.07989378725758757, 0.07633169824346757, 0.07104961462794973, 0.06997702341562452, 0.063571364392702, 0.06303517858441264, 0.06086915082182176, 0.05863651670753575, 0.0584228116298874, 0.0568205972377675, 0.053446337274207285, 0.05234899637572015, 0.04961869258362169, 0.049417416237818354, 0.04803057301182526, 0.04662474960731432, 0.04681195214854928, 0.046177592411185034, 0.044908969963606174, 0.04348666512499602, 0.044214646489665915, 0.04444231933202987, 0.044557233254749556], "val": [1.485150271654129, 1.182739269733429, 1.135210210084915, 0.8106499940156937, 0.7781704515218735, 0.8039557754993438, 0.7081500113010406, 0.7726598709821701, 0.6606123954057693, 0.6249440729618072, 0.5624095350503922, 0.6032020390033722, 0.5734623089432717, 0.6085292816162109, 0.5772136315703392, 0.5283188834786415, 0.540489362180233, 0.7109943926334381, 0.5054676935076714, 0.5657376289367676, 0.5105895817279815, 0.47846458703279493, 0.4610943168401718, 0.501395346224308, 0.5365733802318573, 0.5004201963543892, 0.45560784786939623, 0.4596212148666382, 0.4748521849513054, 0.48217556476593015, 0.48147914111614226, 0.42857357412576674, 0.5089783489704132, 0.5079633638262748, 0.43393090814352037, 0.48191326707601545, 0.553848434984684, 0.512942074239254, 0.4798953294754028, 0.4062185764312744, 0.45607171058654783, 0.4742746099829674, 0.4768232449889183, 0.4616206303238869, 0.47171913683414457, 0.4340265154838562, 0.45918927490711214, 0.4190539255738258, 0.45830091536045076, 0.42100422382354735, 0.4471220910549164, 0.4061854466795921, 0.440744423866272, 0.3929066464304924, 0.4311062768101692, 0.409870582818985, 0.39701597541570666, 0.4272166699171066, 0.4100878804922104, 0.3770625092089176, 0.4121483638882637, 0.3931576132774353, 0.3957541897892952, 0.3915277495980263, 0.4221516981720924, 0.4065333127975464, 0.4211784690618515, 0.40296277552843096, 0.411542609333992, 0.3934267804026604, 0.3952669158577919, 0.3968691200017929, 0.3844215527176857, 0.38279580175876615, 0.38820369839668273, 0.3816055551171303, 0.400642429292202, 0.38979954570531844, 0.38556027561426165, 0.3965691655874252, 0.38816738724708555, 0.3948180556297302, 0.3867947690188885, 0.371965728700161, 0.3893763728439808, 0.3936552733182907, 0.385815367102623, 0.3844629697501659, 0.3859190076589584, 0.3969509184360504, 0.3874471068382263, 0.3898543745279312, 0.3914606899023056, 0.3830088123679161, 0.3926675945520401, 0.3965769991278648, 0.3912627771496773, 0.39033409357070925, 0.3922384202480316, 0.38599245995283127]}