{"train": [4.434915992948744, 4.0885044841609375, 3.6675508463824236, 3.291235723613221, 3.001073614560037, 2.797630203113634, 2.609809981452094, 2.4692376650900507, 2.323839721856294, 2.2204474892635897, 2.0899328228868086, 2.0148127702037986, 1.8933218065112707, 1.797525419619839, 1.7123076979515484, 1.6311174111111173, 1.5400784609249099, 1.4539684660640764, 1.3982033494078083, 1.3341126441955566, 1.2840918067060871, 1.2139099259925967, 1.1436448185532182, 1.0990022926173584, 1.0930817725727098, 1.0207568944236378, 0.9779722013591249, 0.9711621965400477, 1.029443459991565, 0.8919793693617047, 0.8405905385566838], "val": [4.202312172436323, 3.9189865706396882, 3.4698574777509346, 3.173473975697502, 3.002824583991629, 2.852072922909846, 2.7459082916134694, 2.6581267704729172, 2.5993251487857005, 2.5233718313154627, 2.5249168130218007, 2.4297116643092673, 2.3541127423771093, 2.2863848463433687, 2.2783815118133046, 2.2644159774311254, 2.1976476165114858, 2.149259657156272, 2.1604784375331443, 2.092108214487795, 2.1330960305010684, 2.0293052313757722, 2.068420414064751, 2.0620882999701577, 2.0255428376745006, 1.9977574680672316, 1.9945716799282638, 2.227325806852247, 1.9319512433693058, 1.9693069008530164, 1.954791262501576]}