{"1": [6.567341042682522e-05, 0.0, 0.0008907413925044237, 0.0007917891582474113, 0.0, 0.0012980425020214163, 0.00020571509841829517, 0.0011702573823276906, 0.001331327902153134, 0.001329906096216291, 0.0, 0.0007152638630941509, 0.0018989935726858673, 0.0006696673820260912, 0.0016274526156485078, 0.0, 5.875759758055209e-05, 0.00037525030784308906, 0.00023969602771103373, 0.0, 0.001820181598886847, 0.0011425210162997244, 0.0, 0.0002583257760852573, 0.0, 0.0, 2.0890468731522277e-05, 0.0, 0.0, 0.0, 0.0, 0.0007303906325250863, 0.0, 0.0007025403715670109, 0.0009487834107130763, 0.0006985398381948471, 0.0005609206436201929, 0.0, 0.0004221680946648118, 0.00038702673744410275, 0.0, 0.0009426384745165704, 0.0012319212919101117, 0.0, 0.0006048211618326603, 0.001818373124115169, 0.0007127819722518322, 0.0023616865277290345, 0.0015489808283746243, 0.0021797715895809228, 0.0020765983732417225, 0.0005674524419009685, 0.003189533459953964, 0.001969284443184733, 0.0007895552669651806, 0.0038264324865303926, 0.002982905693352222, 0.0029229445103555914, 0.003445038192439824, 0.0036149382404983043, 0.003795451233163476, 0.003707234621979296, 0.0034580290573649106, 0.0052618902688845995, 0.0034540901239961384, 0.005758782471530138, 0.0059513499680906535, 0.007214027899317443, 0.00529601702466607, 0.005512506328523159, 0.006622513527981937, 0.0054581966204568745, 0.009194628428667783, 0.009269130052998661, 0.008825020221993326, 0.006426321752369403, 0.008863514671102166, 0.0085926996730268, 0.008323713531717658, 0.0069359869649633765, 0.008648610580712557, 0.00783906240016222, 0.00955020341090858, 0.00862193377688527, 0.009758351538330316, 0.009707847712561488, 0.009227204974740744, 0.009789760950952768, 0.010033209584653377, 0.009944245778024196, 0.009467526832595467, 0.009759308295324443, 0.009410101203247905, 0.009473300315439701, 0.009610549947246909, 0.00978348871693015, 0.009957743883132935, 0.009571412224322557, 0.009981982074677943, 0.00981090882793069], "20": [0.05381669923663139, 0.06322561204433441, 0.06121187806129456, 0.06685668081045151, 0.04645826071500778, 0.05690081864595413, 0.06024034544825554, 0.06889105886220932, 0.06346761286258698, 0.06620593667030335, 0.06186290979385376, 0.06658539772033692, 0.07279229611158371, 0.06970155537128449, 0.07377986013889314, 0.06482326835393906, 0.06967883110046387, 0.06522729396820069, 0.0657373771071434, 0.06810918897390365, 0.07028731554746628, 0.07060389667749405, 0.06795670688152314, 0.06515974998474121, 0.06789756566286087, 0.06514190137386322, 0.07193151563405992, 0.0688446044921875, 0.06474314332008362, 0.06644865870475769, 0.06674951314926147, 0.07509426772594452, 0.06630833297967911, 0.07186695337295533, 0.07671340107917786, 0.07685000598430634, 0.07625998556613922, 0.06968062222003937, 0.06952364891767501, 0.07093803584575653, 0.07621394842863083, 0.08279837518930436, 0.08359153717756271, 0.07487917542457581, 0.08052726238965989, 0.08539982736110688, 0.07696011662483215, 0.08110168427228928, 0.08250817954540253, 0.0883521094918251, 0.08452838361263275, 0.08254284858703613, 0.08863674104213715, 0.0886381670832634, 0.08648017942905427, 0.08987008482217788, 0.09359043538570404, 0.09056609570980072, 0.09055617451667786, 0.08886363208293915, 0.09333768934011459, 0.08979275822639465, 0.09202581346035003, 0.09601226449012756, 0.09502559155225754, 0.09615868031978607, 0.10045933574438096, 0.10304463058710099, 0.09980326294898986, 0.09996738880872727, 0.1028123214840889, 0.10029578804969788, 0.10447384864091874, 0.10971948951482773, 0.10795497745275498, 0.10315142422914506, 0.10658624172210694, 0.10751278847455979, 0.10689296126365662, 0.10693631768226623, 0.10989864468574524, 0.1057030901312828, 0.10939958095550538, 0.10901851803064347, 0.11074280738830566, 0.1108546182513237, 0.11187287718057633, 0.11322630047798157, 0.1138636499643326, 0.11249679774045944, 0.11245712041854858, 0.11358688175678253, 0.11279639303684234, 0.1128001093864441, 0.11327317804098129, 0.1127632349729538, 0.113018998503685, 0.11307826340198517, 0.11312452256679535, 0.11313527375459671], "80": [0.3426597177982331, 0.38250641226768495, 0.36436975598335275, 0.33056690692901614, 0.3138109385967255, 0.3840643525123596, 0.37733379006385803, 0.4250318884849548, 0.44036776423454294, 0.4118309378623963, 0.41314836740493777, 0.4300768315792084, 0.4620772957801819, 0.40600335597991943, 0.4389828324317932, 0.43980733156204227, 0.4036654829978943, 0.4424088656902314, 0.4513219118118286, 0.464215087890625, 0.48579645156860357, 0.48059829473495486, 0.43124355673789977, 0.42905739545822147, 0.4608358025550843, 0.45033553242683416, 0.46351651549339296, 0.4336139440536499, 0.442682957649231, 0.4787778079509735, 0.457165402173996, 0.4564261734485626, 0.46278312802314764, 0.4848832905292511, 0.49479982852935794, 0.49466816782951356, 0.4971549808979035, 0.45616371631622316, 0.4883651435375214, 0.4927325904369354, 0.5011502861976624, 0.4917029142379761, 0.5188141703605652, 0.4815800368785859, 0.4789863705635072, 0.5043602585792542, 0.49731321930885314, 0.5455553650856018, 0.521014714241028, 0.511581826210022, 0.5298351526260376, 0.501645278930664, 0.5330236315727234, 0.54813529253006, 0.5194319844245912, 0.5745645165443422, 0.5445860862731934, 0.5386579632759095, 0.5618767142295837, 0.5384468197822572, 0.573902690410614, 0.5947230935096741, 0.5613187909126283, 0.5942165732383728, 0.6038162350654602, 0.6171071648597718, 0.5888197660446167, 0.6064082741737366, 0.5798202395439148, 0.5989381670951845, 0.6378612875938415, 0.6069141626358032, 0.6545392990112305, 0.6569535970687866, 0.6558011889457703, 0.6451707839965821, 0.663808584213257, 0.6890501260757447, 0.6910636067390442, 0.6647769331932069, 0.6884644150733948, 0.7041126608848571, 0.7136655330657959, 0.712962341308594, 0.7167999029159547, 0.7373843550682068, 0.7321301579475403, 0.7339163541793824, 0.7453405141830446, 0.7353436470031741, 0.7389228820800782, 0.7491157412528993, 0.7476054906845093, 0.7557544231414796, 0.7541880130767822, 0.7588475465774536, 0.7578748226165771, 0.758514666557312, 0.7572410821914674, 0.7577655673027038],