{"train": [2.203562295474945, 1.8654397314729783, 1.6776197257514198, 1.5371476156643022, 1.4377653412163829, 1.3445221924553283, 1.2610709571990724, 1.1659504712199251, 1.09988711798153, 1.0475359665700041, 0.9978369809568118, 0.9451010857527249, 0.911984309982568, 0.8920614732720982, 0.8326814753559831, 0.8219440074774403, 0.8020567282701072, 0.7590200127884984, 0.7360954496997614, 0.7018709172265598, 0.6813629179145582, 0.6565221723276206, 0.6487249730113215, 0.6291588099238972, 0.6111619719110739, 0.5919368955464409, 0.5764931600314741, 0.5720527232074128, 0.5537622342475306, 0.5511389730837398, 0.5472377850034367, 0.5244257679572121, 0.5197376218466713, 0.5045361505529751, 0.4965114223119169, 0.4836648157515084, 0.4839871162042831, 0.4656685732614499, 0.4640068669383899, 0.46193026487057964, 0.43980805813885343, 0.43699759521042575, 0.4274503780058779, 0.42685551065416, 0.4131684695569852, 0.4145279811403622, 0.40713208756698205, 0.3929025082352062, 0.3888655613405636, 0.37896572434292813, 0.3791566155969906, 0.37378681829562205, 0.35963641921171363, 0.3499443105424936, 0.34861647949432034, 0.3395595298217127, 0.33100800368542105, 0.3358361324944054, 0.3228409304595984, 0.3197509363150825, 0.3030649713053109, 0.303224372835205, 0.2958292854003632, 0.2918927942316372, 0.2795305135436713, 0.27686676330650195, 0.2695460581836609, 0.2635257037969443, 0.25547596307608267, 0.25106473450367445, 0.24304857861976653, 0.24284298196673013, 0.2275779626954097, 0.22123903812120516, 0.2181080844217596, 0.21383787351199232, 0.20950638307645297, 0.19267282006553949, 0.1945408480331159, 0.18998729692290003, 0.17919789154689533, 0.18020515096263764, 0.1702769621254537, 0.16625621203130808, 0.16176461239163867, 0.15933209533889453, 0.1541241898466223, 0.1478445458050353, 0.14404077764850454, 0.14129808060705853, 0.1425072188242175, 0.13679746019478423, 0.13652166106497138, 0.1318149078911105, 0.13234399631619453, 0.12931732634028878, 0.13113181239452226, 0.12860811662416868, 0.12720084120147526, 0.1272501064160952], "val": [1.9502883195877074, 1.755495584011078, 1.558493083715439, 1.5579660177230834, 1.4571605503559113, 1.2488187432289124, 1.234581959247589, 1.1842134416103363, 1.0776163637638092, 1.032478678226471, 0.9967820227146149, 1.0108430683612823, 0.9858662366867066, 0.8893100321292877, 0.903637608885765, 0.9285327792167664, 0.8076031595468521, 0.8583263397216797, 0.8891555696725846, 0.7904039770364761, 0.7058382064104081, 0.7119052976369857, 0.6723603546619416, 0.744820722937584, 0.6871291756629944, 0.6379955381155014, 0.6286158353090286, 0.6084439426660537, 0.603776952624321, 0.6465043187141418, 0.5876562565565109, 0.5822517722845078, 0.6179137885570526, 0.5720237895846367, 0.5803747475147247, 0.5476288184523582, 0.5516370430588722, 0.5582053422927856, 0.6170538604259491, 0.551445358991623, 0.5813880443572998, 0.5047601580619812, 0.5053863286972046, 0.4987634465098381, 0.5344841778278351, 0.5037850365042686, 0.49753604233264925, 0.5296339973807335, 0.4739142686128616, 0.48647056967020036, 0.5469740048050881, 0.4723157733678818, 0.4713677138090134, 0.5635642364621163, 0.4859089434146881, 0.4770861014723778, 0.4885811761021614, 0.46739861369132996, 0.47363946586847305, 0.45719120353460313, 0.4755630806088448, 0.48774374574422835, 0.4544632792472839, 0.47039981484413146, 0.4732245221734047, 0.4538107305765152, 0.4634736359119415, 0.43582070171833037, 0.45750451534986497, 0.45742500722408297, 0.445099800825119, 0.43819771260023116, 0.4678956255316734, 0.4338813707232475, 0.4271435022354126, 0.4618898659944534, 0.4115439713001251, 0.4208350509405136, 0.4339375004172325, 0.4120201840996742, 0.4090602234005928, 0.42353121042251585, 0.4268839225172997, 0.41159594506025315, 0.4365655228495598, 0.42332122623920443, 0.42423992455005644, 0.4278593212366104, 0.4246882885694504, 0.410122899711132, 0.4168154805898666, 0.4174513578414917, 0.4211058646440506, 0.4094654440879822, 0.4104543000459671, 0.41221787333488463, 0.42262147217988966, 0.4108024835586548, 0.4140001595020294, 0.40782559365034105]}