{"train": [4.857102390179418, 4.258411937289768, 4.099730368013735, 3.9568316200633107, 3.840368817372577, 3.7280876636505127, 3.625305610429112, 3.5097200968628557, 3.403293444786543, 3.3024342324998646, 3.2150893780429666, 3.12672585911221, 3.0305996677021922, 2.9507442433157083, 2.859088768193751, 2.786823725994722, 2.7245501804744263, 2.6640850899150834, 2.5960746046937544, 2.535704776583385], "val": [4.310348987579346, 4.157232945082618, 4.000038870045396, 3.8785378854782855, 3.794584098409434, 3.6762830507559854, 3.6144514279287367, 3.495773147364132, 3.4059646129608154, 3.34123375376717, 3.2680108156360563, 3.196295593605667, 3.112209222355827, 3.039799186049915, 2.9900911049764662, 2.944166597772817, 2.9483594151793935, 2.891250117880399, 2.839046146048874, 2.7961526620583457]}