{"1": [0.0, 0.0, 0.0, 0.0, 0.0, 0.0, 0.0, 0.0, 0.00028301950544118876, 0.0009087124094367025, 0.0, 0.0, 0.0005500143091194331, 0.0009185784077271819, 0.0, 0.0001849268190562724, 0.0007791386544704437, 0.0006447704322636124, 0.0010622136946767567, 0.0003498582309111949, 0.0002977950824424623, 0.00021356034092605112, 0.00020661632530391213, 0.0011724077630788086, 0.002491551926359534, 0.0016270887525752186, 0.0013480537431314586, 0.001497102766297757, 0.0004884891770780083, 0.0022391424421221015, 0.0018647624598816038, 0.0015998281212523577, 0.002281843521632254, 0.0009398091211915015, 0.0026937310420908035, 0.0036360390996560445, 0.0017443106358405202, 0.001251277313567698, 0.003194240627344697, 0.0021899726847186686, 0.003423038921318948, 0.0032092311978340147, 0.0027088052500039337, 0.004339356836862862, 0.004895163252949714, 0.003988037258386611, 0.004108696533367037, 0.00494658363983035, 0.003928568526171148, 0.0064453190285712475, 0.005666540516540408, 0.0031433808151632545, 0.005053656678646803, 0.005991673548705875, 0.0049521126132458446, 0.006076707011088729, 0.005734276538714766, 0.007581025320105255, 0.005547700300812721, 0.007297867760062218, 0.005665779765695333, 0.007341545950621366, 0.005616002259775996, 0.006691243294626474, 0.004639846943318844, 0.008135441336780786, 0.008807992450892926, 0.008034852286800741, 0.007591901062987743, 0.007565484214574099, 0.008448354629799723, 0.007377108931541442, 0.008723973538726568, 0.006157820415683091, 0.0103716223500669, 0.008228880548849701, 0.008919290294870734, 0.008946195105090737, 0.01027190218679607, 0.009493642263114452, 0.010056725600734354, 0.008898745477199554, 0.010684044882655144, 0.009809475531801582, 0.010458378447219729, 0.010891851317137479, 0.009526281524449585, 0.010140849640592932, 0.010077904798090459, 0.009725137325003743, 0.01056290028616786, 0.010486774975433946, 0.01058453264646232, 0.010443522268906234, 0.010371523788198828, 0.010191098880022764, 0.010597364120185375, 0.01056044059805572, 0.010250904662534595, 0.010250344220548867], "20": [0.021852178871631624, 0.035646155476570136, 0.04218056946992874, 0.04993852823972702, 0.056107015907764436, 0.06834174245595932, 0.06937310248613357, 0.06655236035585403, 0.07047585099935531, 0.07624305039644241, 0.06725640892982483, 0.07282122820615769, 0.07829376459121705, 0.08598542511463166, 0.08419853895902633, 0.08080230951309204, 0.08513173907995224, 0.08571037054061889, 0.08212147802114486, 0.08366252928972244, 0.08022744357585906, 0.08503185361623763, 0.08247538655996323, 0.08458895683288574, 0.09135401248931885, 0.09146663397550583, 0.08629438877105713, 0.09311331808567047, 0.08381021469831466, 0.0896491289138794, 0.09248290210962296, 0.09086838215589524, 0.08919254541397095, 0.09243123382329942, 0.09753108322620392, 0.0971667617559433, 0.09582263380289079, 0.09306178689002992, 0.09895374774932861, 0.10201429426670075, 0.10039378255605698, 0.10350489020347596, 0.11003741174936295, 0.10779190361499787, 0.10711228549480438, 0.10262141823768615, 0.10462655872106552, 0.10835769921541213, 0.10554090440273285, 0.11318751871585846, 0.10864980667829513, 0.10608170628547668, 0.11265263110399246, 0.11240560263395309, 0.11141082644462585, 0.11546422392129899, 0.1135883867740631, 0.11885303854942322, 0.1143276959657669, 0.11979831159114837, 0.12078171968460083, 0.11793942153453826, 0.11715610027313234, 0.12183928787708283, 0.11657449454069138, 0.1254153370857239, 0.12535518705844878, 0.12797308564186097, 0.12732330858707427, 0.12415754497051239, 0.1248214840888977, 0.12611966729164123, 0.13186701536178588, 0.1278977632522583, 0.12948405146598815, 0.12755391001701355, 0.12958382368087767, 0.12881216406822205, 0.13180597126483917, 0.13388033211231232, 0.13299196362495422, 0.13223446905612946, 0.13722567558288573, 0.13228115737438204, 0.13272088170051574, 0.13580801486968994, 0.1323535203933716, 0.13424663543701174, 0.1333337604999542, 0.13168963193893432, 0.13385659456253052, 0.1326760917901993, 0.13255672454833983, 0.13303162455558779, 0.13236055076122283, 0.13175813257694244, 0.13262665271759033, 0.13245173692703247, 0.13182651102542878, 0.13246920108795165], "80": [0.24129630029201507, 0.35630110502243045, 0.3423428416252136, 0.372419536113739, 0.3748379766941071, 0.38554721474647524, 0.4039427816867828, 0.362593400478363, 0.41340911388397217, 0.41318748593330384, 0.42828877568244933, 0.4313371241092682, 0.45781955122947693, 0.4675851702690125, 0.4459315598011017, 0.4377016007900238, 0.4651658177375794, 0.45530169606208815, 0.45100383162498475, 0.448887836933136, 0.4459980547428131, 0.46260516643524174, 0.43876094818115235, 0.4673700153827668, 0.4558777391910553, 0.4588228225708008, 0.4709997057914734, 0.4632367491722107, 0.44032482504844667, 0.48273583054542546, 0.4633537292480469, 0.4687212765216828, 0.47405984401702883, 0.48712118268013, 0.4767680287361146, 0.4901562511920929, 0.47760998010635375, 0.5033759117126465, 0.5161399841308594, 0.49485295414924624, 0.50386643409729, 0.5092976570129395, 0.5210344791412354, 0.5355306386947631, 0.5190339088439941, 0.5014052391052246, 0.521809983253479, 0.5236206769943237, 0.531933867931366, 0.5369133949279785, 0.5486376047134399, 0.5480315804481507, 0.5497215270996094, 0.5482288002967834, 0.5411208152770997, 0.5858026742935181, 0.5729425072669982, 0.5733204126358034, 0.5744983315467835, 0.5922089815139772, 0.5784706950187684, 0.5932641863822938, 0.6061759114265443, 0.5916830062866211, 0.6072405695915223, 0.6101842284202575, 0.607225525379181, 0.6325570106506349, 0.6408332586288453, 0.6522271513938904, 0.6635903954505921, 0.6663936018943787, 0.6785588502883911, 0.6876168727874756, 0.673619556427002, 0.6916580438613892, 0.7074138522148132, 0.7154596924781801, 0.7088216185569763, 0.7180769443511963, 0.7239749073982239, 0.7459862709045411, 0.7509288787841797, 0.7564615964889527, 0.756622862815857, 0.7633647799491883, 0.7631319403648378, 0.7712523460388184, 0.7726495742797852, 0.7757798910140992, 0.7755537629127504, 0.7813957452774047, 0.7823993206024171, 0.7847613453865051, 0.7905317544937135, 0.7918734073638916, 0.7890396595001221, 0.7896239757537842, 0.7908252596855165, 0.7910333514213562],