{"train": [2.2882274423544398, 1.9623095886395001, 1.7288997843623541, 1.5930051354173653, 1.4678631883840592, 1.3571621133877447, 1.2618618765578102, 1.1722913751967798, 1.0986771326476392, 1.0193826059182993, 0.9479716420173645, 0.8976349743029561, 0.8491068787087267, 0.7899981268678611, 0.75984545275807, 0.7314607670512824, 0.6971552629059496, 0.6722178973328953, 0.652791901899222, 0.6343496400898638, 0.6123608505002226, 0.5863821048515673, 0.5823642115432995, 0.5516577735305214, 0.5508424377860353, 0.5340415706840186, 0.5318193523266825, 0.5169124351903653, 0.4997941209866216, 0.4919089887279291, 0.4839801416039086, 0.47977008273045474, 0.46401559820952126, 0.45089011560804165, 0.45668479105154164, 0.4379238339182668, 0.43442071883823163, 0.4319452728135898, 0.41605247814243973, 0.40143746851732176, 0.404687882469485, 0.38934998028575424, 0.3856812362282421, 0.3866861612080766, 0.3797212416847674, 0.37417074776114745, 0.37128335913530175, 0.36366869794865386, 0.34754657631103225, 0.3446309716937641, 0.3361460696489285, 0.33238534515086837, 0.3313540382602344, 0.32112239367855244, 0.3138014054336487, 0.3078528480312695, 0.300698748911722, 0.3015769602010806, 0.28838399942881005, 0.2856774050206803, 0.27682946327204905, 0.27458023291807204, 0.2616989561163198, 0.2609058027021801, 0.253040914551709, 0.2504959431604836, 0.23960379894358663, 0.23582487650953543, 0.23373979727585856, 0.2199916793420292, 0.2135444766463944, 0.21728359441311595, 0.20058233667010317, 0.19531483812549244, 0.1960900264997452, 0.18328219618850622, 0.17928766916259029, 0.17911382545583165, 0.167908300011874, 0.1660003105339151, 0.15760205764644825, 0.15660292564775236, 0.14899563740569943, 0.1418040669835604, 0.13840125210749837, 0.13831662596129, 0.13411071422857979, 0.12910454058513854, 0.12591537639213066, 0.12397388265298578, 0.12141287053069368, 0.1195742523136992, 0.11587635090890022, 0.11600915067635786, 0.1140698055846813, 0.11355246067904055, 0.11172399560388285, 0.11105173402510513, 0.11232944375005202, 0.11134032382608984], "val": [2.225880670547485, 1.8163710236549377, 1.6738212406635284, 1.535800701379776, 1.367836457490921, 1.3417758166790008, 1.2114004790782928, 1.1455219864845276, 1.0325397789478301, 0.966506963968277, 1.0421221286058426, 0.9033914089202881, 0.865151384472847, 0.8344306528568268, 0.7861571758985519, 0.7486956000328064, 0.712862166762352, 0.7620593875646591, 0.7225279957056046, 0.6842603087425232, 0.6480295211076736, 0.7024042099714279, 0.6435322016477585, 0.5967170357704162, 0.6064374893903732, 0.6153329104185105, 0.6094573020935059, 0.5666623473167419, 0.6090271234512329, 0.586757481098175, 0.5819844514131546, 0.5413287431001663, 0.5662418499588966, 0.5509771525859832, 0.5444249734282494, 0.5011592909693718, 0.5313144907355308, 0.5177046447992325, 0.518390879034996, 0.49376205652952193, 0.4874820575118065, 0.4969477653503418, 0.5514465108513832, 0.48612547665834427, 0.480124993622303, 0.473401615023613, 0.47403467893600465, 0.4530714377760887, 0.4921068504452705, 0.5015974283218384, 0.44578075408935547, 0.5138615429401397, 0.48186428248882296, 0.4575549438595772, 0.4556493848562241, 0.4399208903312683, 0.4779768720269203, 0.42382203638553617, 0.5013771712779999, 0.44451366662979125, 0.45861540287733077, 0.45441400706768037, 0.4652732387185097, 0.4412501588463783, 0.46509758234024046, 0.44783892035484313, 0.43981930166482924, 0.4469687700271606, 0.4388859272003174, 0.4294892445206642, 0.4136425659060478, 0.43695732653141023, 0.421622034907341, 0.42960449755191804, 0.4320625260472298, 0.4539424479007721, 0.41318175941705704, 0.3978299289941788, 0.41299074292182925, 0.42237241715192797, 0.4255898669362068, 0.42207529991865156, 0.423261858522892, 0.41900135278701783, 0.41278205066919327, 0.4027956038713455, 0.4141503140330315, 0.414681738615036, 0.417687913775444, 0.4155829757452011, 0.401769095659256, 0.4127087101340294, 0.4174994856119156, 0.4188979044556618, 0.3976978898048401, 0.40454058945178983, 0.4157250478863716, 0.40815941989421844, 0.4117593437433243, 0.4086783304810524]}