{"1": [0.0003483927680645138, 0.0009122315177228301, 0.0, 0.0, 0.0, 0.0007530587853398174, 0.0, 0.0, 0.0005534533155150711, 0.0016398479416966437, 0.000444563305354677, 3.254670300520944e-05, 0.002741830851882696, 0.0026146942772902544, 0.006893139514140784, 0.002229786708485335, 0.005053173336200416, 0.0051491360832005735, 0.006364196785725653, 0.005239222138188778, 0.00843388933688402, 0.009707846660166978, 0.008001898285001516, 0.009848550520837307, 0.009587545963004231, 0.005869465302675962, 0.00872676746919751, 0.00802301473915577, 0.005683855856768786, 0.012547959107905626, 0.011324755400419235, 0.010069720009341835, 0.012608073223382234, 0.010699137318879367, 0.014283252228051425, 0.010421177307143807, 0.013354583205655217, 0.012593927290290595, 0.014605166055262088, 0.013128111436963082, 0.013605652591213583, 0.015889022834599018, 0.015517181390896438, 0.014965568501502274, 0.015535747203975915, 0.014788499819114802, 0.01522506725974381, 0.014758431250229477, 0.015066801253706217, 0.014843705743551254, 0.014992663227021693, 0.014552184958010911, 0.014827812742441892, 0.014738900633528828, 0.014305646028369664, 0.014510788051411507, 0.014610032951459288, 0.014728170754387974, 0.014868627982214094, 0.01446322226896882, 0.01403601692058146, 0.013991066869348288, 0.014129137620329857, 0.014510038606822491, 0.014134333869442343, 0.013854993646964428, 0.01387016952969134, 0.01404765305109322, 0.013459892645478248, 0.013636873615905643, 0.014007074711844324, 0.013627497060224415, 0.013780130799859762, 0.01340535526163876, 0.013589189862832427, 0.013655121941119432, 0.013574259225279092, 0.013745300676673651, 0.013616105858236551, 0.013399342214688657, 0.013565622884780169, 0.013772373273968696, 0.013359155533835291, 0.013776290090754628, 0.013508536797016859, 0.013242874126881361, 0.013416029103100299, 0.013420507870614528, 0.013500784877687692, 0.013525693230330944, 0.01341364893130958, 0.013431228157132864, 0.013247823966667054, 0.013734717173501849, 0.014010306159034371, 0.013371165823191405, 0.013537219036370516, 0.01350763076916337, 0.013089002771303057, 0.01384169519878924], "20": [0.12392313182353974, 0.12964759171009063, 0.07669819295406341, 0.09402786046266556, 0.08988564908504486, 0.09607221931219101, 0.09483415782451629, 0.08687015175819397, 0.1076336070895195, 0.11402772068977356, 0.10115297883749008, 0.09840206056833267, 0.13201723694801332, 0.13265934586524963, 0.170723956823349, 0.1350641816854477, 0.1537291407585144, 0.153090700507164, 0.15513117611408234, 0.15457727015018463, 0.17306688129901887, 0.1816141813993454, 0.18843142986297606, 0.19716652929782869, 0.18774043023586273, 0.17036094069480898, 0.1862953156232834, 0.19539448916912078, 0.17218683362007142, 0.2118389278650284, 0.19039034843444824, 0.19653300642967225, 0.21275481581687927, 0.19790444970130922, 0.2113974004983902, 0.19222275614738465, 0.21464232802391053, 0.20921461284160614, 0.21552340388298036, 0.2095970869064331, 0.20876839756965637, 0.21940594315528872, 0.21129142642021181, 0.20810805559158324, 0.2070494741201401, 0.20218488872051238, 0.20113524198532104, 0.19718641936779022, 0.1970150649547577, 0.19411461353302004, 0.19118072986602785, 0.19080584347248078, 0.18978842794895173, 0.18878234028816224, 0.18685563504695893, 0.1855995833873749, 0.18544837236404418, 0.18382726907730104, 0.18515051603317262, 0.18197303414344787, 0.18113434910774232, 0.17895632088184357, 0.18067246675491333, 0.18014105260372162, 0.17852505147457123, 0.17849542796611786, 0.17622163593769075, 0.1769075334072113, 0.17463579177856445, 0.17428585588932038, 0.17518958449363708, 0.17426662147045135, 0.17455567717552187, 0.17318521142005922, 0.17410872280597686, 0.17311253249645234, 0.17280333340168, 0.17361682057380676, 0.1720731168985367, 0.1720912039279938, 0.1724942445755005, 0.17248389720916749, 0.17172128558158875, 0.17177874445915223, 0.17227380871772766, 0.17148993015289307, 0.17150364816188812, 0.17211766839027404, 0.17119082808494568, 0.17064644396305084, 0.1708693027496338, 0.17157593369483948, 0.17102671563625335, 0.17234520316123964, 0.17245831191539765, 0.17024550735950472, 0.17013568580150604, 0.1709715336561203, 0.1697104960680008, 0.17139383852481843], "80": [0.8400299906730653, 0.8613866090774536, 0.6091475963592531, 0.7160359501838685, 0.6907300233840943, 0.6860315442085266, 0.7104255318641662, 0.6393340468406677, 0.7510434627532959, 0.760892391204834, 0.7020519018173218, 0.7907495021820069, 0.8260565876960755, 0.8676635503768921, 1.0412578344345094, 0.8571167230606079, 0.9409708261489869, 0.881252920627594, 0.9035437464714051, 0.8981809854507447, 1.0307924270629882, 0.9969805836677552, 1.0156781911849977, 1.0292334794998168, 1.0017938137054443, 0.9587138295173646, 1.0352921962738038, 1.032771897315979, 1.015375304222107, 1.0935490369796752, 1.0566499233245852, 1.0603910923004152, 1.1070277690887451, 1.0605727195739747, 1.0839228868484496, 1.059950041770935, 1.1384812593460083, 1.1210007429122926, 1.1146876573562623, 1.1284818649291992, 1.1390567779541017, 1.141716194152832, 1.1210959434509278, 1.1156699895858766, 1.1042741775512697, 1.089272689819336, 1.0772906303405763, 1.067393708229065, 1.0603519916534425, 1.0508074283599853, 1.0388270616531372, 1.0377873659133912, 1.031228804588318, 1.0303258419036867, 1.0243244647979737, 1.0156516075134279, 1.016678810119629, 1.0091090440750123, 1.011866807937622, 1.0016534090042115, 1.001814103126526, 0.9957411170005799, 1.000950074195862, 0.9913669347763061, 0.9907282114028931, 0.9898897767066956, 0.9794482588768006, 0.9837434411048889, 0.9796452760696411, 0.9742367744445801, 0.9787394523620606, 0.9778494358062745, 0.980080533027649, 0.9743621826171875, 0.9737555027008057, 0.9725327491760255, 0.9708187699317933, 0.9720379829406738, 0.9675461888313294, 0.9705202460289002, 0.9716742396354675, 0.9711995244026185, 0.9720828533172609, 0.9690051317214966, 0.9702480673789978, 0.9694161772727967, 0.9681978464126587, 0.9719903588294985, 0.9679311633110047, 0.964875328540802, 0.965144968032837, 0.9697681903839113, 0.9683783650398256, 0.9667781829833985, 0.9680626630783081, 0.9675156950950623, 0.9627172231674197, 0.9669512748718262, 0.9639867663383485, 0.9638920426368714],