{"train": [1.5473765907957913, 1.018910793641124, 0.7932327570625768, 0.6655312785134909, 0.5793105651395389, 0.5057899871954141, 0.45426635268016363, 0.4077706738306692, 0.3617890048712587, 0.3260051902300253, 0.2916622614374938, 0.26156005260948173, 0.23870537837092487, 0.21208085964758175, 0.19852029001370025, 0.175479733298857, 0.16224512507835517, 0.14920611661701158, 0.1366816700909275, 0.125993840634442, 0.11659578820720268, 0.11478530858366634, 0.11283585595222898, 0.08526205339918312, 0.07864408168834619, 0.08680621108498436, 0.07780834202008982, 0.06561173132052436, 0.0666554182047804, 0.07846433509248324, 0.059961534438494106, 0.0606133551634372, 0.054401408428677356, 0.04464743290983212, 0.05280047139010062, 0.04421095267985575, 0.04396948549515618, 0.02798232786541882, 0.017747630479748543, 0.015878175643418497, 0.008432845958655837, 0.0058311281127694506, 0.0024188311148312883, 0.001443288611477247, 0.0012180851543688188, 0.0011347503298685289, 0.0011692096459896516, 0.001063901703609838, 0.001109910023490937, 0.001119833046640344, 0.001183805791415667, 0.0011741976854733576, 0.0011674095335351036, 0.0011653135701368293, 0.001249284578335528, 0.0012053260698724098, 0.0011734644264598695, 0.0012316793246498218, 0.001291719854239541, 0.0012524068988219927, 0.0012481488879195774, 0.0012618754001054615, 0.0013210964019071108, 0.0012866276293656768, 0.0012665103123071023, 0.001298136780032525, 0.001309434754421381, 0.0012584421365260006, 0.001307933906706187, 0.0013159845567742785, 0.0012905715046801602, 0.0012902828017487742, 0.001290442589960528, 0.001280966732567682, 0.0012980059872324855, 0.0012504000666018682, 0.0012160162253605838, 0.0013079327765849237, 0.001285685356498098, 0.0012481590549196727, 0.0012768423952796042, 0.001272398147385377, 0.0012663703379459299, 0.0012593095033866957, 0.0012555818217389952, 0.0012828370388121174, 0.0012517674329925697, 0.0012959095899732753, 0.0012299586972668052, 0.0012100306685460499, 0.0012518427025648756, 0.0012578293777847538, 0.0012331635138159768, 0.0012272869382937328, 0.0012424946667778248, 0.0012460049392786412, 0.0012292271238579131, 0.0012642670686493595, 0.0011959157009332325, 0.0012287039556332267], "val": [1.4358141660690307, 1.1760065495967864, 0.8311186760663987, 0.9202599644660949, 0.741632878780365, 0.7857187539339066, 0.756719508767128, 0.6819002121686936, 0.7042023509740829, 0.6875614523887634, 0.7756072163581849, 0.9408135741949082, 0.751570388674736, 0.946136811375618, 0.9855116903781891, 0.914868512749672, 0.8583262771368027, 0.9989417225122452, 0.8143942296504975, 0.833704286813736, 1.02462240755558, 0.870393943786621, 0.9640362858772278, 0.8659356296062469, 1.001683282852173, 0.9317934066057205, 0.979149654507637, 1.0036190629005433, 1.0882274329662323, 0.9980439454317093, 0.9942761212587357, 0.9890972733497619, 1.2655911505222321, 1.0453698724508285, 0.9680547058582306, 1.1899416863918304, 1.0400036126375198, 0.9464153170585632, 0.9390845984220505, 0.9170807272195816, 0.9499518483877182, 0.8992472648620605, 0.8528364270925521, 0.8454736977815628, 0.832443580031395, 0.8220785349607468, 0.8085494548082351, 0.8028239935636521, 0.7919682711362839, 0.785333189368248, 0.7809703081846238, 0.7735596030950547, 0.7713726907968521, 0.7690288633108139, 0.765430337190628, 0.7599410891532898, 0.7575577348470688, 0.7539603590965271, 0.7525308072566986, 0.7475172281265259, 0.7447526574134826, 0.7429671138525009, 0.7468429803848267, 0.7425959676504135, 0.7426806807518005, 0.740047711133957, 0.7321930706501008, 0.740148612856865, 0.7331316947937012, 0.7306962937116623, 0.7332708537578583, 0.7314902693033218, 0.7356016278266907, 0.7294132679700851, 0.7277226120233535, 0.7299836874008179, 0.7275068193674088, 0.7262279540300369, 0.7243386030197143, 0.7278676331043243, 0.7321531504392624, 0.7307582378387452, 0.7333088874816894, 0.7320198595523835, 0.7261622965335846, 0.729181119799614, 0.726616033911705, 0.7290755569934845, 0.7318593323230743, 0.7276143848896026, 0.7254964232444763, 0.7324005573987961, 0.7256802141666412, 0.7282478362321854, 0.7271748960018158, 0.7334908038377762, 0.7282520085573196, 0.7270422905683518, 0.7247332811355591, 0.7258535385131836]}