{"train": [1.554713085055732, 1.0569569954095177, 0.8168925435398333, 0.6794743594079734, 0.5840577806908482, 0.5191121402259071, 0.46019940463879616, 0.4152486879414263, 0.36991871883884403, 0.3263573736999743, 0.30608892036131774, 0.27223818108867914, 0.24730893041188726, 0.22005069653351847, 0.2054824761736888, 0.18567991682801382, 0.17317407705580085, 0.14703555209948993, 0.15818478744298506, 0.14187127451736706, 0.12706474974132576, 0.11642059921837462, 0.09821285180652294, 0.10624542184911978, 0.10034562344439685, 0.0804710178948439, 0.07390144226043083, 0.08151471769562163, 0.07069098360586566, 0.0720113924445626, 0.06214484627456806, 0.05910147032060753, 0.0583910037638447, 0.052307241893828675, 0.04854192638311523, 0.04490231661596142, 0.04663616094512109, 0.052847652910307005, 0.046957643878179044, 0.03929705427626309, 0.02973745808082695, 0.01816426427363933, 0.014029768836006118, 0.009364634908857746, 0.0038116045308094057, 0.0016347174390446775, 0.001327566092386812, 0.001099754796685508, 0.0011282937845569282, 0.0010573675382894259, 0.0011094815402549094, 0.0010836269982090702, 0.0011429693495941023, 0.0011073305286815206, 0.0011235033889069035, 0.0011880613284924934, 0.0011388778962870352, 0.001172572198698071, 0.0011669429599868355, 0.0012136721840729347, 0.001167454936068517, 0.0012135419405263346, 0.0012014147447282299, 0.001269881424982065, 0.0012241070820450093, 0.0011743913529613339, 0.0012073633709205344, 0.0012588568248253422, 0.0012270326959713104, 0.0012361053170966575, 0.0012909070288869566, 0.001227265180716404, 0.0012763248012288095, 0.001274512676795879, 0.0012382660020208254, 0.0012520974462542434, 0.0012599487090483308, 0.0012558508103121275, 0.0012241176693304516, 0.0012845473122982361, 0.001293567316301655, 0.0012645368897966065, 0.0012501699393600249, 0.0012663305982926522, 0.0012451070589578738, 0.0012012213372220746, 0.001250189778316147, 0.001220208709314168, 0.0012516723482679135, 0.0012527120137102187, 0.0012391732870630872, 0.0012418410583464696, 0.001255880694831915, 0.0012099941291983207, 0.001247060696814602, 0.0012250701960446998, 0.0012407121707881672, 0.0012380451576921125, 0.0012258158499425568, 0.0012686868643048948], "val": [1.461397635936737, 1.172311818599701, 0.828196543455124, 1.0594324737787246, 0.6986993104219437, 0.8587803661823272, 0.6797293394804, 0.73519147336483, 0.7876250207424164, 0.8966931641101837, 0.6776267915964127, 0.7057540982961654, 0.7758622318506241, 1.1100552529096603, 0.8786632895469666, 0.8146006464958191, 0.7436642855405807, 0.7903543561697006, 1.2944717496633529, 1.0283591270446777, 1.07358780503273, 0.9425436675548553, 1.000250682234764, 0.9452249050140381, 0.8433004081249237, 0.9247126668691635, 0.8914940744638443, 0.9126683592796325, 0.9201871871948242, 0.9737836509943009, 0.9311744302511216, 0.9413987010717392, 0.9735487699508667, 1.0253078818321228, 0.9601225286722184, 1.2162928462028504, 0.9461314260959626, 1.116778126358986, 1.1957482695579529, 1.0237571179866791, 0.9475387901067733, 0.925394257903099, 0.9290764600038528, 0.8827549189329147, 0.8442865312099457, 0.826648959517479, 0.8066596865653992, 0.801064458489418, 0.7876478731632233, 0.7792182415723801, 0.774815908074379, 0.7656767576932907, 0.7587505578994751, 0.7452800333499908, 0.7449801653623581, 0.7341189861297608, 0.7336883693933487, 0.7344702392816543, 0.7283413112163544, 0.7225641965866089, 0.7203713476657867, 0.7163244515657425, 0.7147426515817642, 0.7142104834318161, 0.7129654616117478, 0.7101354479789734, 0.7093461155891418, 0.7088896095752716, 0.7050681710243225, 0.7075890094041825, 0.7021016061306, 0.70366630256176, 0.7018621325492859, 0.7032396227121354, 0.7049996465444565, 0.6988507986068726, 0.7016248971223831, 0.7002910882234573, 0.6994826644659042, 0.6929500132799149, 0.7001777142286301, 0.6931935340166092, 0.6986828178167344, 0.6970967561006546, 0.7011564493179321, 0.699293801188469, 0.6989309996366501, 0.6934639304876328, 0.6996687889099121, 0.6986511796712875, 0.6970701068639755, 0.6955936670303344, 0.6994531273841857, 0.6974012941122055, 0.7021814048290252, 0.6974356204271317, 0.698110380768776, 0.6936769276857376, 0.6993381261825562, 0.6956825286149979]}