{"1": [0.0, 0.0, 0.0, 0.0, 0.0, 0.0, 0.0, 0.0, 0.0, 0.0, 0.0, 0.0, 0.0, 0.0, 0.0, 0.0, 0.0, 0.0, 0.0, 0.0, 0.0, 0.0, 0.0, 0.0, 0.0, 0.0, 0.0, 0.0, 0.0, 0.0, 0.0, 0.0, 0.0, 0.0, 0.0, 0.0, 0.0, 0.0, 0.0, 0.0, 0.0, 0.0, 0.0, 0.0, 0.0, 0.0, 0.0, 0.0, 0.0, 0.0, 0.0, 0.0, 0.0, 0.0, 0.0, 0.0, 0.0, 0.0, 0.0, 0.0, 0.0, 0.0, 0.0, 0.0, 0.0, 0.0, 0.0, 0.0, 0.0, 0.0, 0.0, 0.0, 0.0, 0.0, 0.0, 0.0, 0.0, 0.0, 0.0, 0.0, 0.0, 0.0, 0.0, 0.0, 0.0, 0.0, 0.0, 0.0, 0.0, 0.0, 0.0, 0.0, 0.0, 0.0, 0.0, 0.0, 0.0, 0.0, 0.0, 0.0], "20": [0.027177907153964044, 0.036738704144954684, 0.022766120731830597, 0.0315024197101593, 0.023758434876799586, 0.004562840610742571, 0.011743610538542271, 0.017787486314773563, 0.018583640456199646, 0.006977100670337678, 0.0006664996966719629, 0.0, 0.0, 0.0, 0.0, 0.0, 0.0, 0.0, 0.0, 0.0, 0.0, 0.0, 0.0, 0.0, 0.0, 0.0, 0.0, 0.0, 0.0, 0.0, 0.0, 0.0, 0.0, 0.0, 0.0, 0.0, 0.0, 0.0, 0.0, 0.0, 0.0, 0.0, 0.0, 0.0, 0.0, 0.0, 0.0, 0.0, 0.0, 0.0, 0.0, 0.0, 0.0, 0.0, 0.0, 0.0, 0.0, 0.0, 0.0, 0.0, 0.0, 0.0, 0.0, 0.0, 0.0, 0.0, 0.0, 0.0, 0.0, 0.0, 0.0, 0.0, 0.0, 0.0, 0.0, 0.005892878770828247, 0.0, 0.0013092607259750368, 0.0, 0.0061215676367282895, 0.0, 0.0012824594974517908, 0.0, 0.011865866184234622, 0.021466566622257238, 0.011011385917663576, 0.009094458818435684, 0.006415883451700214, 0.016113030910491946, 0.013501918315887452, 0.01663590669631959, 0.02052296996116638, 0.03641932606697083, 0.02871278524398805, 0.02238126397132875, 0.02765369415283204, 0.02756719589233399, 0.029240512847900392, 0.02813903242349625, 0.02965683937072754], "80": [0.38003571033477795, 0.5794704318046571, 0.5042149782180786, 0.6532914042472839, 0.6250931620597839, 0.44887700080871584, 0.6794486045837402, 0.6903536319732666, 0.7369759440422059, 0.7259927034378052, 0.6978346586227417, 0.6951732397079469, 0.8014052629470826, 0.7212801456451418, 0.7896549344062805, 0.7880473971366883, 0.7207093954086303, 0.7657509565353395, 0.788558030128479, 0.6373605012893677, 0.7007079005241396, 0.8623015880584717, 0.7305639266967774, 0.8519007921218873, 0.9017452836036682, 0.7980206727981568, 0.7047842502593994, 0.7932404637336732, 0.7779722452163697, 0.7969928026199341, 0.8351746082305909, 0.8875553846359253, 0.8724699139595032, 0.8797736644744873, 0.7507711529731751, 0.8655815362930298, 0.8474176049232486, 0.8934957027435303, 0.8818768382072449, 1.0335540294647216, 0.9993149161338807, 1.0134169578552248, 0.9599063158035279, 0.8991321206092835, 0.9021916627883911, 1.0265457868576051, 1.0100369930267334, 0.9869701862335206, 0.9769876599311831, 1.0435095310211182, 0.9690486073493958, 1.0232011079788208, 1.1199166297912597, 0.9944609761238098, 0.9974374771118166, 1.0743890762329102, 1.1394808530807494, 1.1785889863967896, 1.1059632778167725, 1.152288556098938, 1.235982322692871, 1.012152671813965, 1.1141506910324097, 1.1351553440093993, 1.2148020267486572, 1.4122445583343508, 1.2798389434814454, 1.2600170850753785, 1.3258723020553589, 1.345723557472229, 1.3449198246002199, 1.3680604934692382, 1.3839169979095458, 1.4151549816131592, 1.3957206010818484, 1.5734684944152832, 1.4713947534561158, 1.5287993669509892, 1.5454241275787355, 1.6008075475692751, 1.5655265092849733, 1.5765217304229737, 1.6051901817321776, 1.6879120349884034, 1.713957452774048, 1.7104891061782839, 1.716718578338623, 1.712723541259766, 1.7312392950057984, 1.732870197296143, 1.764165782928467, 1.797741794586182, 1.871945381164551, 1.8317398548126222, 1.8186433315277102, 1.8240851640701294, 1.8313860654830936, 1.8463786125183106, 1.8429237365722657, 1.842509746551514], "99": [1.7979066920280469, 1.9306465053558357, 1.9859172487258911, 2.541334793567658, 2.4949933981895462, 2.0267528152465837, 2.9517238950729374, 3.2963202142715455, 3.2480992746353152, 3.0706311011314398, 3.1192848396301276, 3.2984485125541707, 3.791588091850281, 3.5344020795822146, 3.8330369591712983, 3.738066937923432, 3.878411469459535, 3.7899949836730986, 4.007463746070864, 3.329167847633363, 3.790062105655674, 4.608689842224125, 4.25607867240906, 4.506136479377747, 4.7128644609451324, 4.2165822935104424, 3.952267258167267, 4.180402326583868, 4.12032482624054, 4.33407907485962, 4.464719109535218, 4.703678741455097, 5.085823507308961, 4.66026457309723, 4.187586698532107, 4.683979806900026, 4.6410427331924495, 4.894151363372803, 4.714011049270632, 5.146398901939392, 5.044236903190618, 5.419889793395997, 5.058916878700258, 5.046825799942017, 5.336736240386963, 5.73815028190613, 5.301696858406069, 5.330147242546085, 5.367233290672305, 5.51954857826233, 5.114677209854133, 5.488877506256106, 5.714468326568607, 5.445856976509096, 5.5869866514205935, 5.640380010604859, 5.769693570137024, 5.837335677146913, 5.587562127113343, 5.770305671691895, 6.085621790885928, 5.198070669174198, 5.412914948463444, 5.922516708374025, 5.993015832901001, 6.51038109779358, 6.1317512559890766, 6.44092911243439, 6.364423956871048, 6.411052193641665, 6.406499724388124, 6.432114310264593, 6.577627315521241, 6.610266003608704, 6.588738651275641, 7.106458983421328, 6.7466344404220635, 7.0593746471405066, 6.980246210098274, 7.2027665996551535, 7.168653512001039, 7.320181665420533, 7.366307258605962, 7.575291419029239, 7.631613655090333, 7.5983820438385035, 7.721121358871465, 7.762593898773195, 7.83052477836609, 7.796924257278445, 7.831328272819532, 7.959119353294373, 8.044519834518436, 8.008668422698978, 7.98795708179474, 8.03167645454407, 8.059849300384522, 8.076395330429078, 8.091878576278688, 8.04951693534851]}