{"train": [1.991589875647816, 1.6360234825755842, 1.3918466404223213, 1.2166172008925733, 1.1206982773713792, 1.0500298231935348, 0.971009982089265, 0.919842034102248, 0.8729471846129566, 0.8398427443382458, 0.8107597641289805, 0.7739124389502187, 0.758372147433674, 0.7503600299548798, 0.724623219749798, 0.7125895948836598, 0.7061260739644877, 0.6962679478878411, 0.6756807043910408, 0.6807799428796616, 0.652948752093239, 0.6615020375663099, 0.6431424675848537, 0.6348337026449818, 0.6256511111419422, 0.6143436035790002, 0.6076532744180662, 0.5951710223389891, 0.5771576394669165, 0.5848611021955935, 0.5737945112747888, 0.5656872198414117, 0.5477987062245512, 0.5503109984885389, 0.5392852630287694, 0.523836550621179, 0.5240470838908571, 0.5141398275431733, 0.502770989561995, 0.5043877062325279, 0.49546760739609835, 0.47862479509636996, 0.47436576020032073, 0.47438192853150657, 0.45711360628993364, 0.44663040078105254, 0.4385584573776196, 0.42876039626308904, 0.42356517277777006, 0.4240311870750147, 0.40936264605187, 0.40375722235384076, 0.38881433548066563, 0.3751100783530896, 0.3761013520125764, 0.3704447881006204, 0.35298878268692824, 0.34261435536911694, 0.3372643790401209, 0.3311628952574806, 0.3233519146998469, 0.31512128711698917, 0.3122637058123232, 0.300438471067066, 0.29074642195488315, 0.28720461898527966, 0.27583998467880316, 0.2648971458783927, 0.2629785138530472, 0.24832933546064762, 0.24410321496831724, 0.23999138485890226, 0.2236019378414931, 0.22399878299560028, 0.2185054437373393, 0.20792360925160278, 0.19997928531977316, 0.1963340221359707, 0.19611739876647347, 0.18486856012203443, 0.1789911628935855, 0.17606817135890832, 0.16915548533296432, 0.16443553291999113, 0.16342128394320368, 0.15544820638796011, 0.15171346783685608, 0.14883176539652646, 0.1462606839930859, 0.14400643588731082, 0.13849553758629596, 0.13794343002711812, 0.13431260672906717, 0.13589873549323112, 0.13180027577204825, 0.13267808916945809, 0.12962801028459597, 0.12884114616023848, 0.13055040479039612, 0.12801125564704688], "val": [1.8082417607307435, 1.6904220044612885, 1.2536405801773072, 1.1807195007801057, 1.1004208505153656, 1.0771056711673737, 0.9584621876478195, 0.9123162150382995, 0.9729493349790573, 0.8673159688711166, 0.7938885718584061, 0.7837825030088424, 0.7813078671693802, 0.7818084806203842, 0.7709441244602203, 0.792795580625534, 0.7432485312223435, 0.7690289705991745, 0.7609304130077362, 0.7764940053224564, 0.6959030717611313, 0.7894276708364487, 0.7492245495319366, 0.6963459730148316, 0.7462673783302307, 0.667195799946785, 0.7408088117837905, 0.6839844465255738, 0.6742994338274002, 0.6729995161294937, 0.6543862521648407, 0.6883016228675842, 0.6772535026073456, 0.626810260117054, 0.6204174160957336, 0.7095626562833786, 0.5997624695301056, 0.6576744198799134, 0.610095027089119, 0.625973105430603, 0.5937929093837738, 0.5853123530745507, 0.5886183962225914, 0.5708965092897416, 0.5805609494447708, 0.585745170712471, 0.569132998585701, 0.5569519147276878, 0.6065226912498474, 0.5516950473189354, 0.5480046302080155, 0.5258477687835693, 0.5369879171252251, 0.5154059574007988, 0.5404121056199074, 0.5520577698945999, 0.5236910179257392, 0.5210512235760689, 0.5093657582998276, 0.5248027190566062, 0.5161286979913712, 0.5375662997364998, 0.4721943065524101, 0.5221955344080925, 0.5028049930930137, 0.5145974934101105, 0.49681767374277114, 0.4987216904759407, 0.4930357366800308, 0.4926402300596237, 0.4743997439742088, 0.48824147284030917, 0.4842049449682236, 0.481408903002739, 0.47290686815977095, 0.49676613360643385, 0.47010649740695953, 0.48834685534238814, 0.4794946268200874, 0.46837459206581117, 0.48273618519306183, 0.48113172352313993, 0.4755041614174843, 0.47235136181116105, 0.48246830850839617, 0.48881705701351164, 0.47670384794473647, 0.4870651885867119, 0.47363519072532656, 0.48507141321897507, 0.4804229408502579, 0.47240736782550813, 0.4848704650998116, 0.4802869215607643, 0.4876393243670464, 0.476962211728096, 0.4864315286278725, 0.46232466250658033, 0.4822885662317276, 0.4802053987979889]}