{"1": [0.0, 0.0, 0.0, 0.0, 0.0, 0.0, 0.0, 0.0, 0.0, 0.0, 0.0, 0.0, 0.0, 0.0, 0.0, 0.0, 0.0, 0.0, 0.0, 0.0, 0.0, 0.0007076228171354157, 0.0, 0.0, 0.00013639220036566256, 0.0, 0.00027821125142509114, 0.0003429992962628603, 0.0, 0.0003130336417234502, 0.0016443589143455028, 0.0006154838594375172, 0.00037004051031544797, 0.0011984379566274581, 0.0006798391125630586, 0.0, 0.0006027820374583824, 0.0017354435042943803, 0.0015400251920800656, 0.0019767670636065306, 0.0016535834781825532, 0.0015074963355436919, 0.000720832919469103, 0.0, 0.002100298306904733, 0.0019034092687070367, 0.002222233689390123, 0.0030015104450285433, 0.003489507329650223, 0.0043205822492018335, 0.003120724819600582, 0.00227187795098871, 0.0027610477339476344, 0.0025230382569134233, 0.0048259127419441935, 0.0033117222297005355, 0.0047949034254997965, 0.0032590649812482297, 0.004847072311677038, 0.005406278073787689, 0.004707640977576375, 0.005455900048837065, 0.004035844188183546, 0.0054872414190322155, 0.005421295231208205, 0.006239160327240824, 0.0058786837384104725, 0.004981205412186682, 0.006078206738457084, 0.0070647734450176355, 0.006819583820179105, 0.006071800678037107, 0.0076680071698501705, 0.00786659956909716, 0.007234602947719395, 0.007348842117935419, 0.007900852030143141, 0.00751623522490263, 0.008005029521882534, 0.007721246974542737, 0.008766032643616199, 0.008806136259809137, 0.00849193112924695, 0.008532835748046636, 0.008574924571439624, 0.009313576109707355, 0.008492475086823105, 0.008660812750458718, 0.008430062904953956, 0.008548660948872567, 0.008663174053654075, 0.009092023586854339, 0.009044447233900427, 0.009171013962477444, 0.009143928159028291, 0.009002690501511097, 0.009021518174558877, 0.008923882069066167, 0.008993089199066162, 0.009048179406672715], "20": [0.06513448208570481, 0.07153024077415467, 0.07705153077840805, 0.06453701108694077, 0.07131824940443039, 0.06757516413927078, 0.06158552691340447, 0.07816348224878311, 0.07229836732149125, 0.06638910323381424, 0.07142074704170227, 0.08689971119165421, 0.06040608361363411, 0.07638277560472488, 0.06463149636983871, 0.08235827237367631, 0.0851968303322792, 0.08106471002101898, 0.07739858627319336, 0.08316783159971237, 0.08699578940868377, 0.09644818753004074, 0.06815003156661988, 0.08133793324232101, 0.08480846881866455, 0.0812118262052536, 0.09077041149139405, 0.09214100539684297, 0.08186506778001786, 0.09028106331825257, 0.10670937448740006, 0.09707169085741044, 0.09835677146911621, 0.09988525658845902, 0.09581260085105896, 0.08867590725421906, 0.09819405972957611, 0.11241816878318787, 0.10708031356334687, 0.11524609625339509, 0.10726511180400848, 0.11096282601356507, 0.10176552385091782, 0.09447896927595138, 0.11024748682975768, 0.1087476283311844, 0.11323811560869217, 0.12224088311195373, 0.11808526664972305, 0.12983741462230683, 0.11788902431726456, 0.11835952252149583, 0.12144201695919037, 0.11993208527565002, 0.12715701758861542, 0.124356010556221, 0.1358591288328171, 0.13057401180267333, 0.137965527176857, 0.13985470831394195, 0.13481525182724, 0.13942325711250306, 0.13158281445503237, 0.14155810177326203, 0.14731545150279998, 0.14407033622264862, 0.14746725261211396, 0.13703857958316804, 0.14391591548919677, 0.1503023386001587, 0.15166710913181305, 0.14433035850524903, 0.1562396377325058, 0.15895512998104094, 0.15585423409938812, 0.15581733286380767, 0.1533167541027069, 0.15641431212425233, 0.16167469322681427, 0.15761095583438875, 0.1615782469511032, 0.16371499598026276, 0.16161485612392426, 0.1636105954647064, 0.16254206299781798, 0.1693641036748886, 0.16425083577632904, 0.16647249460220337, 0.16366137862205507, 0.1639084428548813, 0.1652849555015564, 0.1656082808971405, 0.16504028141498567, 0.16560422778129577, 0.16536776721477509, 0.164836785197258, 0.16530759930610656, 0.16559821665287017, 0.16497665345668794, 0.1668538272380829], "80": [0.6936724305152893, 0.6909378170967103, 0.6406643509864808, 0.5428530693054199, 0.5912323594093323, 0.5830731868743897, 0.5720394492149353, 0.6238497853279114, 0.6013692378997804, 0.5939666628837585, 0.6242720723152161, 0.6625298857688904, 0.5596521615982056, 0.6403861045837402, 0.6031550884246827, 0.6399207949638367, 0.6485887169837952, 0.636401128768921, 0.6513003349304199, 0.6405613780021668, 0.6645373463630677, 0.6871082782745361, 0.6210736513137818, 0.6238304257392884, 0.6508505940437317, 0.6344593286514283, 0.6673455953598022, 0.6655136585235596, 0.6240437030792236, 0.6697530627250672, 0.728740119934082, 0.6960934400558472, 0.7089975953102112, 0.6930821657180787, 0.7072473645210267, 0.675212848186493, 0.7142508149147034, 0.7899133563041688, 0.7257920384407044, 0.7849956631660462, 0.7543968439102174, 0.7609501838684083, 0.732055926322937, 0.726931345462799, 0.7530273199081422, 0.7689740538597107, 0.7891740083694458, 0.8145634174346924, 0.7804991364479066, 0.8271243929862977, 0.7944677829742433, 0.8077166438102722, 0.8377982378005981, 0.8110643744468689, 0.8111503243446351, 0.8246233463287354, 0.8492964029312133, 0.8524253964424133, 0.8630696654319763, 0.8846033930778504, 0.8596632242202759, 0.8675577044487001, 0.8511501908302307, 0.892806124687195, 0.9056877255439759, 0.9067186355590823, 0.9046499013900757, 0.888823139667511, 0.9032468914985657, 0.9099122405052186, 0.9336984038352967, 0.9073261737823487, 0.9388386964797975, 0.9478704094886781, 0.9471719861030579, 0.9683735728263856, 0.9422863483428955, 0.9622373700141906, 0.9739979386329652, 0.967239022254944, 0.9781365513801575, 0.9852811574935914, 0.9799906611442568, 0.9874621272087097, 0.9823997974395754, 1.0075465679168703, 0.9923674941062929, 1.001192593574524, 0.9931737899780273, 1.0021131277084352, 1.005012321472168, 1.0015697717666627, 0.9986186742782592, 0.9959173560142518, 0.9987786054611206, 1.001450276374817, 1.0020896673202515, 1.0041755914688113, 1.001843810081482, 1.007111668586731], "99": [1.9457595753669743, 1.8498455750942233, 1.7695827031135565, 1.4734208977222447, 1.7271074032783513, 1.6805689120292668, 1.663154274225235, 1.8270762479305271, 1.678187177181244, 1.7361932384967815, 1.7842857849597942, 1.8811586046218873, 1.686221362352372, 1.8351744353771227, 1.8105084455013283, 1.8995916235446932, 1.859483827352524, 1.767673852443695, 1.8429338288307195, 1.783997197151185, 1.9479204225540168, 1.9609376883506786, 1.8652706396579743, 1.7840905869007113, 1.9872263371944439, 1.7996071171760564, 1.934464701414109, 1.8854702186584493, 1.8137431287765504, 1.9794726371765154, 2.062985985279084, 2.0304939961433415, 1.9670047438144687, 1.957153480052949, 2.033248054981232, 1.8438388979434972, 2.0226245665550233, 2.2546026992797854, 2.008940832614899, 2.103103671073914, 2.0948064875602723, 2.10000507593155, 2.0446196436882023, 2.0154882216453553, 2.095382359027863, 2.12489646434784, 2.145746245384217, 2.2412352895736696, 2.1562393951416015, 2.2252900218963623, 2.132087802886963, 2.136408190727234, 2.262649583816528, 2.200904932022096, 2.2182763814926147, 2.1542475557327276, 2.243618233203889, 2.248511276245118, 2.3343020820617677, 2.3401585531234743, 2.2720253300666817, 2.3098443007469176, 2.2780245828628543, 2.32822024345398, 2.4001986432075504, 2.4060903334617616, 2.3669809007644664, 2.35944165468216, 2.3639460968971253, 2.4156287026405363, 2.414299907684327, 2.3656082439422614, 2.3903451347351075, 2.402991888523103, 2.4072828888893145, 2.472793941497803, 2.4396258449554447, 2.476275804042817, 2.483110177516938, 2.488378775119782, 2.4848081636428834, 2.5146457529068007, 2.5272753715515144, 2.5261626458168034, 2.517146079540253, 2.551032679080963, 2.5239621424674987, 2.5551306533813483, 2.5212819766998296, 2.5521781468391427, 2.5438938617706297, 2.5646077179908757, 2.5407967352867145, 2.535035133361817, 2.552250542640687, 2.5502665209770203, 2.5522668337821965, 2.565842149257661, 2.5647965025901795, 2.56660784482956]}