{"train": [1.6922827715310045, 1.2520888849569205, 1.0061436114600673, 0.8425948014274572, 0.729312472830946, 0.6591353005113693, 0.6107241736052517, 0.569012095372136, 0.5387505923216336, 0.5079428516447354, 0.4918256451527532, 0.4770453007647786, 0.45776264936017536, 0.4416244321833023, 0.42707539014161205, 0.4100988573921374, 0.4048710983877365, 0.39440451162501267, 0.38674628215666396, 0.3676866872337299, 0.36436129520876337, 0.35623395523895474, 0.34988118846195576, 0.34071404094132374, 0.33555559004648045, 0.3267366131559348, 0.3209492782719981, 0.3158604589799723, 0.3125589305219559, 0.3023079488033685, 0.2987123196974349, 0.2903354151275592, 0.2919302495142903, 0.27998605322914, 0.27296988161417624, 0.2767094267062105, 0.2637148258118584, 0.25805286370432035, 0.2582536898434353, 0.25636360061149627, 0.24503869872790174, 0.24439580381487885, 0.23239884937342745, 0.23327481589568688, 0.22673227221440204, 0.21876563403172233, 0.21905946745849647, 0.21323430116850728, 0.20532141963894757, 0.20347985070639144, 0.19848480982521471, 0.19581004603507038, 0.19668308159889886, 0.1807783926590182, 0.17342232829465654, 0.17956030197417774, 0.17435142193168116, 0.16787915188854877, 0.16266556224598291, 0.15610910497439173, 0.15316995318990928, 0.14694116405023935, 0.14304458420164287, 0.1350628622590353, 0.13308558796350947, 0.12791312839419317, 0.12501578486432283, 0.11604419432747097, 0.11568563808791173, 0.11005562749771645, 0.10166331561514363, 0.10365448751079198, 0.09942295216619017, 0.09337167401378528, 0.08824534148882372, 0.08478301424330796, 0.07745643378422855, 0.07763996920860804, 0.07398970002611986, 0.0700972496975249, 0.06916469344482444, 0.06340356892980516, 0.06193269909427951, 0.057130728497172885, 0.055033957427992414, 0.05500444805862519, 0.05386767912947665, 0.05224852623364415, 0.04923375466534981, 0.04816644036541351, 0.04720518853777228, 0.04697926999173892, 0.0460500407981844, 0.04587114824074359, 0.04453789892668922, 0.044940888250883396, 0.04404932694337048, 0.04313218962258329, 0.0441307188725819, 0.04463909732433744], "val": [1.8154862701892853, 1.2818600416183472, 1.2477625072002412, 0.9016716033220291, 0.8540197789669037, 0.663166293501854, 0.7033464282751083, 0.6529886871576309, 0.7681550860404969, 0.6207212507724762, 0.6645717084407806, 0.6178940027952194, 0.5936182141304016, 0.6084807425737381, 0.5453181877732277, 0.6622491598129272, 0.507308854162693, 0.5364309296011924, 0.5211269304156303, 0.5386526316404343, 0.506718610227108, 0.5086669206619263, 0.48225749135017393, 0.4848514273762703, 0.4698219016194344, 0.5056347027420998, 0.4507085636258125, 0.4586693197488785, 0.5014028519392013, 0.44887634217739103, 0.5098665833473206, 0.4621468961238861, 0.48055355399847033, 0.47539556473493577, 0.48714819848537444, 0.4545753985643387, 0.4462295204401016, 0.568793298304081, 0.46107425540685654, 0.4532178670167923, 0.407137531042099, 0.4274533987045288, 0.47160225808620454, 0.5448343843221665, 0.4815681740641594, 0.45338072180747985, 0.4361471697688103, 0.4308222159743309, 0.4212737545371056, 0.4414481967687607, 0.41684707850217817, 0.4447136357426643, 0.4491171807050705, 0.3943472668528557, 0.3939026951789856, 0.4177454739809036, 0.43277585357427595, 0.3990792199969292, 0.4710423916578293, 0.4369259998202324, 0.43014054745435715, 0.39719528555870054, 0.3801813438534737, 0.4137353301048279, 0.39947054386138914, 0.43474535644054413, 0.43228419274091723, 0.3833533629775047, 0.39325386583805083, 0.40350150913000105, 0.39807806313037875, 0.3981823116540909, 0.3999737873673439, 0.39941378533840177, 0.41160070300102236, 0.389510840177536, 0.388139109313488, 0.38014087080955505, 0.3995672553777695, 0.3819921836256981, 0.37950173020362854, 0.3855735003948212, 0.39073278456926347, 0.3865177482366562, 0.38622916042804717, 0.393697552382946, 0.40031404942274096, 0.38067799210548403, 0.3878424510359764, 0.38574498295784, 0.37693835943937304, 0.3895073294639587, 0.3817077770829201, 0.39516235440969466, 0.37536503821611406, 0.3905174434185028, 0.3846066936850548, 0.3778188437223434, 0.3869724556803703, 0.38326714783906934]}