{"train": [1.6113354653215255, 1.127678650065352, 0.9134527033510299, 0.7867964900339754, 0.7088108614039498, 0.6461497498586917, 0.5953976421500928, 0.5608611916200802, 0.5316314535399976, 0.5103807222728912, 0.4878427199662303, 0.4700956901612754, 0.4615062837497876, 0.43899334467257173, 0.4288537828400493, 0.41330768144168795, 0.40668537303472097, 0.3944638353852799, 0.3916887808531618, 0.37270142890203495, 0.373912731441446, 0.35691290484449734, 0.34983116864396363, 0.3389675187797973, 0.33563361776332123, 0.3265142466503972, 0.32229449264348126, 0.31950695193804113, 0.30866729365751006, 0.3065660012701449, 0.2969188319322781, 0.2996773961157844, 0.2831656519597331, 0.2853276676263291, 0.27539032545333475, 0.27333702308872637, 0.2677712093431729, 0.2651104437895476, 0.2582314469562933, 0.25720750028713824, 0.24980557367158013, 0.2394316146929805, 0.23596696465160139, 0.2342598012889536, 0.2317583356469203, 0.2259923110659511, 0.2231150587526754, 0.2148862845552996, 0.21294022011109434, 0.20142890839054942, 0.19833453932699685, 0.20076327568616348, 0.19339467823124543, 0.18664112694252033, 0.18267036845889717, 0.17837399441879778, 0.17302281611834092, 0.16880126823537267, 0.1655906942991403, 0.159670985687655, 0.15154285199297501, 0.1426306258851347, 0.14461419962275143, 0.14178916723274004, 0.1372133018419194, 0.13012827647189362, 0.12496805873018103, 0.12406897760284975, 0.11913759965366258, 0.11145532759019551, 0.109329929581275, 0.1026481786689248, 0.09901408796993116, 0.09116028123103773, 0.09209736547888087, 0.08603999382271744, 0.08307888687918552, 0.07858629350642712, 0.07242506119413689, 0.07249073449748393, 0.06951264214044371, 0.06165537093513119, 0.06089296660269983, 0.06031780756605319, 0.05829704259209835, 0.05762502068754869, 0.05490489660824735, 0.05381338891629784, 0.052841643692729194, 0.048300404949619555, 0.04896135981709432, 0.04969367113547584, 0.04631897243566978, 0.0469500010642714, 0.04553324452782877, 0.04674400871220869, 0.0467946467587885, 0.04551820273692615, 0.04437457664777486, 0.04451135719438997], "val": [1.6343104779720306, 1.217289274930954, 1.0222270399332047, 1.4700609683990478, 0.8703312188386917, 0.7412612229585648, 0.624703124165535, 0.7202851951122284, 0.697419998049736, 0.6548256367444992, 0.6046522408723831, 0.6317404419183731, 0.5794599115848541, 0.6274008959531784, 0.5545536324381828, 0.6446663945913315, 0.5401087462902069, 0.6332541882991791, 0.6455322235822678, 0.5220948308706284, 0.5000984370708466, 0.5515093818306923, 0.5184208586812019, 0.5002165481448173, 0.49658080488443374, 0.470634850859642, 0.5178505569696427, 0.4725213050842285, 0.501778519153595, 0.4820452407002449, 0.5061386048793792, 0.5005885973572731, 0.4699703097343445, 0.5466729268431664, 0.462352292239666, 0.46671118438243864, 0.4912588194012642, 0.5057769760489463, 0.4478515937924385, 0.4952965691685677, 0.45393562167882917, 0.4372801437973976, 0.46033286601305007, 0.5591848820447922, 0.5301238134503364, 0.45467468053102494, 0.4267642989754677, 0.43899005651474, 0.45508138835430145, 0.4351003587245941, 0.4418541580438614, 0.4633899375796318, 0.4348150447010994, 0.44993262737989426, 0.41066503077745437, 0.43731565177440646, 0.40693796128034593, 0.4160891443490982, 0.42633634358644484, 0.41452321261167524, 0.4010097339749336, 0.41830756068229674, 0.4194251611828804, 0.4158078908920288, 0.4027327984571457, 0.3931436091661453, 0.4446974903345108, 0.3967312887310982, 0.3883495628833771, 0.3914114207029343, 0.3833641543984413, 0.39428291022777556, 0.41068019568920133, 0.40912721753120423, 0.40829587280750274, 0.39042733758687975, 0.3891774117946625, 0.3885293290019035, 0.3808469235897064, 0.38563467413187025, 0.38480736762285234, 0.37718377113342283, 0.3969888806343079, 0.3711025267839432, 0.38883315622806547, 0.3696169316768646, 0.38440424799919126, 0.38162448853254316, 0.38473972827196123, 0.38712982684373853, 0.37681177705526353, 0.37190527021884917, 0.38083221912384035, 0.3917961806058884, 0.3912055745720863, 0.3823304697871208, 0.3837957322597504, 0.3837787598371506, 0.3945274814963341, 0.376437783241272]}