{"train": [1.6927176759646723, 1.2333413804301059, 1.0081626020681362, 0.8502110450412519, 0.7404221589572895, 0.6707104758713573, 0.6246103627232317, 0.576511850277075, 0.5528686464594575, 0.5216099269473895, 0.5016874326303744], "val": [1.5116143584251405, 1.279502010345459, 0.9943153649568558, 0.9050810813903809, 0.8371401906013489, 0.7585392892360687, 0.7202507346868515, 0.7873610615730285, 0.6323659151792527, 0.6622204184532166, 0.578045004606247]}