{"1": [0.0, 0.0, 0.0, 0.0, 0.0, 0.0, 0.0, 0.0, 0.0, 0.0, 0.0002756658196449279, 0.0, 0.0, 0.0, 0.0, 0.0, 0.0, 0.0002000483439769594, 0.0, 0.0, 0.0, 0.0, 0.0, 0.0012045619776472447, 0.0, 0.0014488991210237145, 0.0, 0.0002716818917542695, 0.0, 0.0016510691167786716, 0.0010680853761732578, 0.0015283297933638095, 0.0008940762921702117, 0.0013993063010275361, 0.0, 0.00021185631863772868, 0.0012807541992515326, 0.0010859381733462211, 0.0019395712588448077, 0.0004488123953342436, 0.0005462134163826704, 0.00219887712970376, 0.0019048233749344944, 0.0023359564621932803, 0.002120491093955934, 0.0019999797130003565, 0.001976249450817704, 0.002382361914496869, 0.0030874746618792413, 0.002847643059212714, 0.0019590701814740895, 0.0018871291540563107, 0.0038441444444470107, 0.0038784951996058224, 0.0016766823129728435, 0.0023855275847017763, 0.004772367472760379, 0.005490545369684696, 0.0039907211298123, 0.003505801064893603, 0.002788423101883381, 0.005595444701611996, 0.0037663296610116956, 0.003271038618404418, 0.006434394782409072, 0.0057034831307828425, 0.005889966627582907, 0.006066494365222752, 0.004624586771242321, 0.006863459511660039, 0.007544748205691576, 0.006087728305719793, 0.0057425601733848445, 0.006850008382461964, 0.00730771601665765, 0.007450537350960075, 0.007464697691611946, 0.00859980173408985, 0.007654696055687963, 0.007169384588487446, 0.0074609139282256366, 0.008652279330417513, 0.007618639906868338, 0.008457706896588205, 0.008245791550725698, 0.00849986999295652, 0.008264231840148567, 0.007980395145714282, 0.008077243184670806, 0.007993992362171411, 0.007937819147482513, 0.008952509956434368, 0.008373681120574475, 0.008224149774760006, 0.008219010885804892, 0.009044106509536505, 0.008964382335543633, 0.00875147414393723, 0.008267791084945202, 0.008608784386888146], "20": [0.09994789808988572, 0.08380637317895889, 0.07983247339725494, 0.07985048890113831, 0.07887370139360428, 0.0775585949420929, 0.07353787571191787, 0.06832007318735123, 0.08676867485046387, 0.07967478930950166, 0.09534945487976075, 0.07109585851430893, 0.08537486791610718, 0.07732053101062776, 0.0712552860379219, 0.08845685124397278, 0.08357610106468201, 0.09026603400707245, 0.08072699457406998, 0.0775560587644577, 0.06961362659931183, 0.07882940769195557, 0.08330039978027344, 0.09677860736846924, 0.09254011362791062, 0.10472109764814377, 0.09083816558122636, 0.08963356316089631, 0.08314804434776306, 0.11072043180465699, 0.10436640679836273, 0.10760197639465333, 0.0956006333231926, 0.10570419132709503, 0.08014754951000214, 0.09177729040384293, 0.10136308819055558, 0.09930644035339356, 0.11282118558883668, 0.10139915049076081, 0.1002965435385704, 0.11583957225084304, 0.1165473148226738, 0.12034434229135514, 0.12143310010433198, 0.1199625387787819, 0.11751071065664291, 0.11662877202033997, 0.12590192556381224, 0.11736910343170166, 0.1156426951289177, 0.12264670878648759, 0.1399521052837372, 0.13370648920536043, 0.11345562189817429, 0.11790473163127899, 0.1401737928390503, 0.13781329989433289, 0.13679738342761993, 0.13386385440826415, 0.12722232639789582, 0.14549409747123718, 0.13273992836475373, 0.13529261946678162, 0.14918597936630248, 0.15278028845787048, 0.14856842756271363, 0.1478512167930603, 0.14446314573287963, 0.1587376892566681, 0.16186425387859346, 0.15231744050979615, 0.14928605556488037, 0.15958852767944337, 0.16041402220726014, 0.16106602251529695, 0.1596306413412094, 0.16832118332386017, 0.16119150519371034, 0.16015656888484955, 0.15953371226787566, 0.16929395198822023, 0.16320353448390962, 0.1681528389453888, 0.1680985599756241, 0.16911008059978486, 0.16728411316871644, 0.16524356603622437, 0.1664493501186371, 0.16812841296195985, 0.1662749618291855, 0.17022495865821838, 0.1686647742986679, 0.16680620908737184, 0.16762003898620606, 0.17227267026901244, 0.16890156865119935, 0.16927214860916137, 0.1662877678871155, 0.1682728886604309], "80": [0.6439267277717591, 0.6051217555999756, 0.6111461639404298, 0.6249344348907472, 0.6451702475547791, 0.5959659695625306, 0.5932224273681641, 0.561033308506012, 0.6921218752861024, 0.6138166308403015, 0.706184458732605, 0.6321769118309022, 0.6850624799728394, 0.6285632610321047, 0.604180097579956, 0.6688446879386902, 0.6383122682571412, 0.6177147746086121, 0.6177080512046814, 0.6248239755630494, 0.5980566740036011, 0.6373858332633973, 0.6726141452789307, 0.6566329598426819, 0.6682697296142578, 0.7115013599395752, 0.6544196248054505, 0.6529797673225404, 0.673954451084137, 0.7403389334678651, 0.710617756843567, 0.7601389288902283, 0.7058367133140564, 0.7013279676437378, 0.6625769734382629, 0.6881372094154358, 0.7108433246612549, 0.7203552961349488, 0.7418035626411438, 0.7416135668754578, 0.7122394442558289, 0.7787368416786195, 0.770414412021637, 0.7887625098228455, 0.8166420221328736, 0.783260750770569, 0.7801870107650757, 0.7828019380569459, 0.7983507037162781, 0.7571697354316712, 0.7863498687744142, 0.7988602876663209, 0.8678852915763855, 0.8402429938316345, 0.7756794929504395, 0.787133276462555, 0.8478480696678163, 0.8412914633750916, 0.8712254881858826, 0.8619593143463135, 0.8301430106163026, 0.8829750180244446, 0.8536510467529298, 0.8975919723510742, 0.9012519359588623, 0.9185767173767091, 0.9126469612121584, 0.9082670211791993, 0.9261824369430542, 0.9528935790061951, 0.9485966920852662, 0.9267056465148926, 0.9376201987266541, 0.9688241362571717, 0.9678409099578857, 0.9757118105888367, 0.9698162198066712, 0.991024649143219, 0.9727274060249329, 0.982021427154541, 0.9817998886108399, 1.002740740776062, 0.9867095232009888, 0.9997902989387513, 1.004244089126587, 1.0125947952270509, 1.010939121246338, 1.0017058372497558, 1.0139950513839722, 1.013585615158081, 1.004291319847107, 1.0177923440933228, 1.0167678594589233, 1.0053802251815798, 1.0097678184509278, 1.0287423372268678, 1.0135781049728394, 1.0161512136459352, 1.0065530300140382, 1.0133187532424928], "99": [1.5451989400386814, 1.58572273850441, 1.669711462259293, 1.7382953810691848, 1.8760409295558933, 1.8078131031990061, 1.658185245990754, 1.6439891362190262, 2.030428640842439, 1.7442116701602948, 2.044894461631775, 1.787794545888901, 2.034497058391571, 1.8728927803039563, 1.8683001708984381, 1.9899175477027895, 1.9177950847148908, 1.7786346518993397, 1.8075403523445142, 1.839652997255326, 1.840058975219727, 1.873660140037537, 1.9307786118984227, 1.9330463862419138, 1.9557589435577394, 2.046719129085541, 1.879150792360307, 1.9567303252220167, 1.8701909947395354, 2.0398016262054446, 2.0404120969772346, 2.1973331165313725, 2.0380766654014586, 1.9004931151866915, 1.9015965533256534, 1.9771778547763834, 2.1083291435241707, 2.1253325176239013, 2.0439374327659614, 2.07860333442688, 2.0267283964157103, 2.194083199501038, 2.068310596942902, 2.2062979054450995, 2.2505809664726275, 2.2956682133674624, 2.1337399554252627, 2.119540531635285, 2.2289608526229863, 2.1080273318290716, 2.1342824649810797, 2.1379173994064335, 2.284850735664368, 2.2989826917648326, 2.1032122135162354, 2.151039755344392, 2.2742052364349368, 2.2410128951072696, 2.2806379604339604, 2.2624045324325563, 2.1920342254638676, 2.325553033351901, 2.2987306189537047, 2.335773904323579, 2.38030589580536, 2.329204714298249, 2.370021572113038, 2.3637371516227725, 2.4363994145393377, 2.453597838878633, 2.4605829262733465, 2.393742527961732, 2.4481810736656198, 2.501091895103455, 2.438630986213685, 2.502806277275086, 2.491580955982209, 2.526976823806763, 2.467362518310547, 2.5078792500495934, 2.500946958065033, 2.5296548366546636, 2.4977347517013553, 2.5260091733932497, 2.5584139466285714, 2.5709066438674935, 2.5703221035003665, 2.540815520286561, 2.568535859584809, 2.5643199062347417, 2.5467329573631288, 2.5680815696716315, 2.5631745767593386, 2.5482296299934393, 2.554730718135834, 2.59139370918274, 2.5524666857719422, 2.579043571949006, 2.537047257423401, 2.560306260585785]}