{"train": [1.6881152817997307, 1.218106326584618, 0.9786859642202481, 0.8180065480664896, 0.7058751999189298, 0.6452364979651027, 0.5982674823972745, 0.5681359439421767, 0.5341447011921734, 0.5114750654552691, 0.4872243037810341, 0.471030043432126, 0.44979678679959845, 0.44091147736619457, 0.4343574358441959, 0.4108236449690292, 0.4004374622536924, 0.3917933920511422, 0.38407467748410407, 0.3730649392064006, 0.36489544927883455, 0.35688058998638067, 0.35276293916443285, 0.3435581194611784, 0.336664974546661, 0.33135893879035794, 0.3236726909971085, 0.32019875934139225, 0.3116779625415802, 0.31047574975810494, 0.2985066717710739, 0.29939157151566526, 0.2921011986347814, 0.2880057281912706, 0.2807401337753089, 0.2828593577820653, 0.2697196724458624, 0.2675891304358888, 0.2597638938468866, 0.25671190806566335, 0.25228306946282186, 0.24150934891578868, 0.24355602335815613, 0.2346176890233835, 0.2335749268769837, 0.2293957433047386, 0.22356492785600046, 0.213173377271087, 0.21955523428063803, 0.2135460028728357, 0.20309717793719836, 0.19935466649052433, 0.19075797483943902, 0.19118160594956943, 0.18125734603205046, 0.18263341422183826, 0.1760268042238947, 0.1727425176828814, 0.16833667814160308, 0.15969719193851986, 0.15146784772412084, 0.15153671194094057, 0.1457489403411032, 0.13979821061840453, 0.14003533278458036, 0.13033716286571262, 0.12520040189639067, 0.12273229652652726, 0.11715570745614771, 0.11262767293606513, 0.1081455864678747, 0.10387751917107799, 0.09744743204202515, 0.09569674001905484, 0.09169251190278287, 0.08663418715873275, 0.07900166196730761, 0.07995185688637887, 0.07661414460038034, 0.0727322846889115, 0.06990868226883891, 0.06417707891200487, 0.0599117219721833, 0.060385515562261634, 0.05608013119346227, 0.05380974168154283, 0.05366236158012868, 0.052020630171409434, 0.0488831158459615, 0.05084605860157897, 0.04844170469588365, 0.04701249012812829, 0.04629041301235318, 0.047867266270822995, 0.04406194357921521, 0.04352698597711877, 0.04482734599968972, 0.04301843171814284, 0.04395228302397858, 0.04219776245887382], "val": [1.4654496729373931, 1.1726255416870117, 1.0687344640493393, 0.9074797868728638, 0.9813373446464538, 0.7728224545717239, 0.7380852073431015, 0.6349734336137771, 0.7293634921312332, 0.6199170798063278, 0.6175107270479202, 0.5842690348625184, 0.611381508409977, 0.6446248978376389, 0.5932521104812623, 0.6715037286281585, 0.6906589895486832, 0.559428259730339, 0.49721122086048125, 0.5256861761212349, 0.6204298704862594, 0.5992309615015984, 0.5408447921276093, 0.5002173483371735, 0.5151357606053353, 0.5539540410041809, 0.6573134630918502, 0.5135659858584404, 0.5774168521165848, 0.5007055416703224, 0.47745491117239, 0.5550951838493348, 0.5110081225633621, 0.44641790837049483, 0.5059449747204781, 0.5049768224358558, 0.5170726954936982, 0.45147756636142733, 0.42673352360725403, 0.5050159454345703, 0.5017472952604294, 0.4450833693146706, 0.4900394767522812, 0.4835357919335365, 0.5744728237390518, 0.4605126306414604, 0.421782012283802, 0.4464088201522827, 0.47707764208316805, 0.46845865845680235, 0.4608040973544121, 0.4514095887541771, 0.4542089462280273, 0.429551862180233, 0.4590891823172569, 0.41726280003786087, 0.46867493987083436, 0.43273030817508695, 0.45832483768463134, 0.4235901221632957, 0.4609641507267952, 0.41764300912618635, 0.42953886836767197, 0.4445494800806046, 0.40840779691934587, 0.40891084372997283, 0.43091114014387133, 0.4319128796458244, 0.44159457832574844, 0.430996373295784, 0.48869323581457136, 0.4246721550822258, 0.41786818504333495, 0.40785556584596633, 0.4443052977323532, 0.42260693609714506, 0.41480510085821154, 0.41418120861053465, 0.4179686188697815, 0.4178834080696106, 0.40289655029773713, 0.426967853307724, 0.4101881593465805, 0.41738758236169815, 0.41735312044620515, 0.4120106279850006, 0.4219427227973938, 0.41733400225639344, 0.4192480340600014, 0.4221589878201485, 0.4213328182697296, 0.4142083182930946, 0.420585335791111, 0.40542544424533844, 0.422783824801445, 0.4185879334807396, 0.4213296204805374, 0.4179528310894966, 0.42350577265024186, 0.4265861466526985]}