{"train": [4.41638867158458, 4.039109830503111, 3.6276862650741766, 3.261369055681268, 2.9780278716067716, 2.7654020560621726, 2.5979131185468822, 2.473934562117965, 2.3301069393079468, 2.202043836499438, 2.0973290847652732, 1.9806401675620688, 1.8903376462528245, 1.775413853150827, 1.6872151854597492, 1.5935630920983146, 1.5258180908705472, 1.4449997414286735, 1.351051084789229, 1.2857023747369585, 1.2294110692577598, 1.1832147213657207, 1.1094731082641538, 1.0537430636676741, 1.0193625561003823, 0.974277309674785, 0.9411931121300278, 0.9191295931368698, 0.849472614227499, 0.9239177539515397, 0.8581251173353, 0.8225254743923376, 0.7840523575068501, 0.7376039172886821, 0.7088712483276556], "val": [4.175526122577855, 3.844924117698044, 3.4872098750755436, 3.179208372460037, 2.9757199639179666, 2.835894193805632, 2.7597051995699524, 2.6957470510826735, 2.607040729679045, 2.5496440168286933, 2.443920112047039, 2.4134284355601325, 2.4091670786748165, 2.3352495334187493, 2.3109108502747584, 2.2551578029257353, 2.223082218013826, 2.1834872980586817, 2.1898300823618153, 2.1436902929524906, 2.1430527792602287, 2.124090323682691, 2.0532217357979445, 2.044803193358124, 2.0083005662824287, 2.0398245190010695, 2.142755217239505, 2.0226180006246097, 1.9938206008223236, 2.0292440144742123, 2.0090944454318187, 2.007796350072642, 1.9904828071594238, 2.004774292961496, 2.014336729635958]}