{"1": [0.1907748872041702, 0.1899051570892334, 0.16842803493142128, 0.16245278164744376, 0.17175347566604615, 0.15949655964970588, 0.17694345533847808, 0.1681210795044899, 0.17387651145458222, 0.18126098275184632, 0.17068117782473563, 0.16779993131756782, 0.1806376238167286, 0.1800151401758194, 0.17698831528425216, 0.1729972231388092, 0.1868598236143589, 0.19025354504585265, 0.1828947399556637, 0.18109160766005516, 0.1859816214442253, 0.1869480688869953, 0.18072457149624824, 0.1922331504523754, 0.18341588914394377, 0.19255983769893648, 0.19221076890826225, 0.18734142914414406, 0.19557106971740723, 0.19504833742976188, 0.2042677767574787, 0.2081798057258129, 0.20865593686699868, 0.20864960670471192, 0.21664113491773607, 0.21722527623176574, 0.2142431339621544, 0.21838818088173867, 0.22141687124967574, 0.2236231891810894, 0.22114258334040643, 0.22917490124702453, 0.2304342134296894, 0.21946937561035157, 0.21294442906975747, 0.2199574302136898, 0.2268417951464653, 0.23426066786050798, 0.23214185371994972, 0.24077843874692917, 0.24076503485441209, 0.24700800955295563, 0.25154590159654616, 0.25674317359924315, 0.259676031768322, 0.2550741907954216, 0.25698426365852356, 0.24659061595797538, 0.25959683567285535, 0.2562120613455772, 0.25094273179769516, 0.25554097175598145, 0.2655086413025856, 0.2594436153769493, 0.2719743528962135, 0.26295184433460234, 0.26624664425849914, 0.2673428249359131, 0.27129212707281114, 0.26926369220018387, 0.26894592851400373, 0.27336397290229797, 0.2766159829497337, 0.27066340029239655, 0.27644900500774383, 0.2784004661440849, 0.27557179987430575, 0.27325429528951645, 0.27276356548070907, 0.2745450007915497, 0.27326600551605223, 0.2777396830916405, 0.27635224521160123, 0.27513883471488954, 0.2757500359416008, 0.2736409652233124, 0.27583155542612076, 0.27459094643592835, 0.2742964559793472, 0.27448476940393446, 0.2746081444621086, 0.27490767657756804, 0.27294488877058026, 0.2712642964720726, 0.27070986330509184, 0.2724164843559265, 0.2731217551231384, 0.2714479228854179, 0.27323035925626754, 0.2736590340733528], "20": [0.41895706057548526, 0.40404577255249025, 0.3744619846343994, 0.3592307329177856, 0.36075583696365354, 0.3605057239532471, 0.3714235782623291, 0.3548381388187408, 0.3669485867023468, 0.36630614995956423, 0.36058120131492616, 0.3619387149810791, 0.3735286295413971, 0.37156952619552613, 0.3696518063545227, 0.3654152750968933, 0.3788921594619751, 0.3824000954627991, 0.3807475805282593, 0.38260270953178405, 0.3853839635848999, 0.38227357268333434, 0.3738565266132355, 0.38679506778717043, 0.39011030793190005, 0.39097448587417605, 0.39635905623435974, 0.3947413980960846, 0.4084548711776733, 0.40261656045913696, 0.41078819036483766, 0.41840262413024903, 0.41809865832328796, 0.41660354733467103, 0.4320942759513855, 0.43392951488494874, 0.4198154628276825, 0.4361650049686432, 0.4347160577774048, 0.4490066468715668, 0.44378660917282103, 0.4456620395183563, 0.45538159012794494, 0.44471886157989504, 0.44949095249176024, 0.4445451259613037, 0.4478551983833313, 0.46270665526390076, 0.4583504259586334, 0.4668980658054352, 0.47130277156829836, 0.4779907286167145, 0.48437854647636414, 0.4920318305492401, 0.49757748246192934, 0.48889564275741576, 0.4947413682937622, 0.48833234906196593, 0.4969402849674225, 0.4912359654903412, 0.50167875289917, 0.5077954530715942, 0.5112518191337585, 0.5067885518074036, 0.5155727505683899, 0.5134894132614136, 0.515795636177063, 0.5163901448249817, 0.5248264908790589, 0.523850929737091, 0.5313008666038513, 0.531818401813507, 0.5274289369583129, 0.527248764038086, 0.532993221282959, 0.5336602568626404, 0.5319990038871765, 0.533869743347168, 0.5334152936935425, 0.5333152532577514, 0.5341110467910767, 0.5393806457519531, 0.5366081237792969, 0.5383077621459961, 0.5376047849655151, 0.536403477191925, 0.5370789766311646, 0.5375014185905457, 0.5384164333343506, 0.5380709648132325, 0.5402426958084107, 0.5385727882385254, 0.539028549194336, 0.5376850128173828, 0.5368336081504822, 0.5373085021972657, 0.5371178269386292, 0.5373592972755432, 0.5383647203445434, 0.5383552670478821], "80": [0.8824660539627075, 0.8020047545433044, 0.7746315121650696, 0.7461659789085389, 0.746295440196991, 0.7594884157180786, 0.7678253531455994, 0.7589479207992553, 0.7715992093086242, 0.7654187202453614, 0.7487360835075378, 0.749461579322815, 0.7798724055290223, 0.7618167161941528, 0.7749186158180237, 0.7685874462127685, 0.7832015037536622, 0.7851743817329406, 0.784291434288025, 0.7984504222869873, 0.7872260928153991, 0.8110944032669067, 0.7925453186035156, 0.7822207689285279, 0.8146631240844727, 0.8034444212913513, 0.816088855266571, 0.8160710334777832, 0.8423207521438599, 0.8260504961013794, 0.8507927775382996, 0.8705236196517945, 0.8429939985275269, 0.8499845862388611, 0.8804007053375245, 0.8725221037864686, 0.852889609336853, 0.8752469778060913, 0.882146692276001, 0.9032074570655824, 0.8924683809280396, 0.8846837520599365, 0.8915703415870666, 0.899337637424469, 0.9041824698448181, 0.8974638104438782, 0.9133926153182984, 0.924756395816803, 0.9145403742790222, 0.9241584181785584, 0.9430798053741455, 0.9417211651802063, 0.9491618514060974, 0.9730823993682862, 0.9720264315605164, 0.9662634849548339, 0.9660779237747192, 0.9787249445915223, 0.9838516116142273, 0.9771601915359497, 0.9934012293815613, 0.9954611778259277, 1.0033199071884156, 1.0079577207565307, 1.0124353647232056, 1.0160299062728884, 1.0336076974868775, 1.0164803743362427, 1.0287148475646972, 1.0432214498519898, 1.0529660701751709, 1.048313355445862, 1.0411677598953248, 1.0433849573135376, 1.0553982973098757, 1.0611052513122559, 1.055640411376953, 1.06548912525177, 1.0655649423599243, 1.07207190990448, 1.0701313018798828, 1.073852252960205, 1.0802632093429567, 1.0788569927215577, 1.083196997642517, 1.0791595697402954, 1.0774447917938232, 1.084588313102722, 1.0880012512207031, 1.082161259651184, 1.0896014451980591, 1.0884044885635376, 1.0912314653396606, 1.089810585975647, 1.0868100643157959, 1.0870564222335817, 1.086393404006958, 1.0883784532546996, 1.0890552520751953, 1.0886255025863647],