{"train": [1.6884993771775463, 1.19191563072296, 0.9176720881614441, 0.7794747396399038, 0.6984302202543131, 0.642464659846248, 0.5987099681418544, 0.5627037433389658, 0.5350589619848294, 0.5197378474112135, 0.5015522730997957, 0.48346123642053085, 0.4643765503225235, 0.4558545550980126, 0.43748011885169213, 0.42601791376503895, 0.41543529561152476, 0.41271013849840377, 0.4015391677998887, 0.3862216482147241, 0.37964663885462396, 0.37230300608153544, 0.35780207565226874, 0.3602980400521915, 0.3573625788521081, 0.347018121387631, 0.3371763653553332, 0.34016429549588945, 0.326751815625273, 0.32429119163808734, 0.3183381259917451, 0.31158057697855246, 0.30865097869508945, 0.3053071450311155, 0.2936453433653798, 0.29316043796630714, 0.2879694117524753, 0.280883242813543, 0.2768046724053618, 0.26942281667797713, 0.2647014425014155, 0.26237105568662616, 0.2563427015424917, 0.25773233325241474, 0.2494698038306861, 0.248811949151583, 0.24049458574182309, 0.23827275224387073, 0.22762494374768802, 0.2242276032987875, 0.22714965828596212, 0.21412299382991304, 0.21403943328335642, 0.20534468270814457, 0.20095307025284811, 0.19941497222779278, 0.1951290884147437, 0.19096149518466987, 0.18912772124948593, 0.17651234172022762, 0.17710246600377294, 0.16924169126410074, 0.16367133484242824, 0.16091667301357745, 0.15621166178784052, 0.14938921515886394, 0.1486164474615845, 0.14216204235157648, 0.1388972330088623, 0.13094307501285601, 0.1298907821099408, 0.12596203641483958, 0.11971384787949892, 0.11389937432714925, 0.11176515415239448, 0.10630658966379043, 0.10398481695796735, 0.09987562256880081, 0.09289573639417037, 0.09367573820649626, 0.09102383931390584, 0.08814091043778882, 0.08388712207754008, 0.08029201150107117, 0.07790186362097058, 0.07874745284668364, 0.07947155954048465, 0.07377601280427588, 0.07275892936954864, 0.07014562064906754, 0.07013276013465354, 0.06706385494183047, 0.06707049601565535, 0.0658015621165498, 0.06551365927456858, 0.06452789000524119, 0.0638255100078381, 0.0656568832195605, 0.06359100298354992, 0.0650958196935467], "val": [1.662288635969162, 1.1234151482582093, 0.8323195010423661, 0.8078940749168396, 0.7138012021780014, 0.7964346259832382, 0.6637036204338074, 0.6498297870159149, 0.7272572964429855, 0.8037499457597732, 0.595082351565361, 0.5570943921804428, 0.5537154346704483, 0.6471707046031951, 0.5493309825658799, 0.5607644990086555, 0.5756639868021012, 0.5322920963168144, 0.48086897283792496, 0.5607663080096245, 0.5351348012685776, 0.5551033675670624, 0.5345279514789582, 0.5494561269879341, 0.6198177903890609, 0.5015011459589005, 0.4801730841398239, 0.535026130080223, 0.5498287305235863, 0.4865435227751732, 0.5466236278414727, 0.5400245547294616, 0.4912652805447578, 0.523254169523716, 0.5491595476865768, 0.4692763894796371, 0.4468947038054466, 0.4645802974700928, 0.4431363120675087, 0.5637178346514702, 0.4404569238424301, 0.44667304754257203, 0.46437573730945586, 0.5640037789940834, 0.5304468274116516, 0.5170852169394493, 0.5156971469521523, 0.4208354353904724, 0.44580604285001757, 0.4702112480998039, 0.42721647918224337, 0.49638341516256335, 0.4052439138293266, 0.43626158535480497, 0.4219085663557053, 0.40818467885255816, 0.4093628317117691, 0.44422309249639513, 0.41666909456253054, 0.4146722763776779, 0.47477552592754363, 0.4156714498996735, 0.43443053811788557, 0.4071174025535583, 0.4196658194065094, 0.43748788088560103, 0.4260204166173935, 0.39993046075105665, 0.3858759716153145, 0.40893407464027404, 0.4189991787075996, 0.4006907448172569, 0.3928485199809074, 0.3817474484443665, 0.3820986971259117, 0.3984925225377083, 0.4042806923389435, 0.3984198823571205, 0.40035887956619265, 0.3905250281095505, 0.3768063262104988, 0.3766586005687714, 0.3911979541182518, 0.3875320300459862, 0.389597487449646, 0.3908248275518417, 0.3860605895519257, 0.3775412455201149, 0.3884668007493019, 0.3760014772415161, 0.3694309532642365, 0.3867441609501839, 0.38314991146326066, 0.39148833602666855, 0.3720186337828636, 0.37859279960393905, 0.39303159415721894, 0.3816933587193489, 0.38557063043117523, 0.38524018973112106]}