{"train": [0.002009131954508158, 0.001865296874395958, 0.0016672927131947918, 0.0014915416569414824, 0.0013389107373112537, 0.0012705192980759028, 0.0011578119672091896, 0.0010846419091461305, 0.0010347854998197768, 0.0009966306970524022, 0.0009155650401509617, 0.0008719939828156451, 0.0008366960709903442], "val": [0.0, 0.0, 0.0, 0.0, 0.0, 0.0, 0.0, 0.0, 0.0, 0.0, 0.0, 0.0, 0.0]}