{"1": [0.1542939418554306, 0.11610325895249844, 0.10503181464970111, 0.11532366402447224, 0.10435950696468353, 0.11059831194579602, 0.10683590158820153, 0.11334719687700272, 0.11851444013416768, 0.11600577041506767, 0.1269822320342064, 0.13021224573254586, 0.1225316021591425, 0.12454090438783169, 0.1338878181576729, 0.12756144732236863, 0.12268263921141624, 0.13260576948523523, 0.13967229142785073, 0.1345738172531128, 0.1465543909370899, 0.14109744668006896, 0.13486270412802695, 0.14698394656181335, 0.14930502325296402, 0.14980827763676643, 0.1475962744653225, 0.14650545358657838, 0.13913728505373002, 0.1335432295501232, 0.15586698234081267, 0.1632172991335392, 0.16362474575638772, 0.159737488925457, 0.16398316085338593, 0.16489076524972915, 0.15983034253120423, 0.16875929176807403, 0.1746218591928482, 0.17687427520751953, 0.1830141732096672, 0.1691456599533558, 0.17662796884775162, 0.18799801126122476, 0.18856762766838073, 0.1904791286587715, 0.19828275993466377, 0.19618063539266586, 0.1965052816271782, 0.196772980093956, 0.20508424013853074, 0.2050065964460373, 0.20424801036715506, 0.20936669856309892, 0.2204032699763775, 0.21592817977070808, 0.2092488217353821, 0.21844926357269287, 0.22655037254095078, 0.23131997257471085, 0.2314295195043087, 0.2343056845664978, 0.24000845313072205, 0.2399997167289257, 0.23753543421626092, 0.24562107786536216, 0.24415757820010184, 0.24890125811100006, 0.25188983231782913, 0.2549789050221443, 0.25209901720285416, 0.25966607093811034, 0.2591795206069946, 0.2606117257475853, 0.25616297006607053, 0.25824529856443407, 0.25809501022100445, 0.26492790907621383, 0.26389395028352736, 0.26680381476879117, 0.26756472676992415, 0.26614488929510116, 0.26798987984657285, 0.26727783054113385, 0.2679417794942856, 0.2690591049194336, 0.26993084043264387, 0.2709634992480278, 0.268999428153038, 0.2688262161612511, 0.26984733223915097, 0.26760967701673505, 0.2702502420544624, 0.26989659160375595, 0.2712660998106003, 0.2691766595840454, 0.2699157527089119, 0.2700840899348259, 0.26987607926130297, 0.27018086791038515], "20": [0.29682828187942506, 0.2675873875617981, 0.2694555759429932, 0.2794193625450134, 0.26921202540397643, 0.2826924264431, 0.274407958984375, 0.28986595273017884, 0.29776265621185305, 0.2963599503040314, 0.31121217012405394, 0.3111951410770416, 0.3031647801399231, 0.3099118769168854, 0.3208934247493744, 0.31287633180618285, 0.3070406198501587, 0.3158907890319824, 0.32974642515182495, 0.3259648859500885, 0.3407459020614624, 0.34086769819259644, 0.3311091959476471, 0.33998963236808777, 0.3481051504611969, 0.34776511788368225, 0.3464506924152374, 0.34631126523017886, 0.3423579275608063, 0.34359149932861327, 0.357243549823761, 0.3729633688926697, 0.37656415700912477, 0.36996724605560305, 0.3761213719844818, 0.3793511509895325, 0.3742569863796234, 0.3801556169986725, 0.3884507894515991, 0.39836199283599855, 0.40217460989952086, 0.3907214939594269, 0.3956571340560913, 0.4075828790664673, 0.4177644610404968, 0.41906246542930603, 0.43268939256668093, 0.42873771786689757, 0.42950076460838316, 0.43148134350776673, 0.43759167194366455, 0.44057674407958985, 0.4482484459877014, 0.44609782099723816, 0.45760096311569215, 0.4588173508644104, 0.4518976151943207, 0.4604874074459076, 0.4744325280189514, 0.47641581296920776, 0.4722871959209442, 0.48346093893051145, 0.49351646900177004, 0.4910928666591644, 0.49461041688919066, 0.5003210783004761, 0.49911245703697205, 0.5061450719833374, 0.5076789855957031, 0.5114596724510193, 0.5151591181755066, 0.5205883145332336, 0.5221517205238342, 0.5216568350791931, 0.519573175907135, 0.5224814176559448, 0.5228792190551758, 0.5310039162635803, 0.5304821610450745, 0.5340975403785706, 0.5360123991966248, 0.5359653115272522, 0.5366153001785279, 0.5337806344032288, 0.5360064744949341, 0.5381922483444214, 0.5400322914123535, 0.5412474870681763, 0.5400021076202393, 0.5400090932846069, 0.5409669876098633, 0.5389519929885864, 0.5410960674285888, 0.541898775100708, 0.5420097231864929, 0.5415009498596192, 0.541997492313385, 0.5416912794113159, 0.5419761300086975, 0.5419100165367127], "80": [0.5915093064308167, 0.5613287210464477, 0.5771467447280884, 0.5787769198417664, 0.5874838948249816, 0.6070675492286682, 0.5979820132255554, 0.6129425883293153, 0.6102952837944031, 0.6228552103042603, 0.630451238155365, 0.6284096240997314, 0.6234528779983521, 0.6292701005935669, 0.6370415449142456, 0.6298406839370727, 0.6337458491325378, 0.6413469314575195, 0.6541331291198731, 0.6545387506484985, 0.6701735854148865, 0.67600519657135, 0.6605748176574707, 0.6708229064941408, 0.6871590852737427, 0.6897127389907838, 0.6832231998443603, 0.6778589010238647, 0.6772503972053527, 0.6855344533920288, 0.6917830348014832, 0.7164744734764099, 0.7229840755462646, 0.7113685369491578, 0.7256720304489136, 0.7286413431167603, 0.7234684228897095, 0.7294299364089967, 0.739325761795044, 0.7541296005249023, 0.7503155827522278, 0.7500113010406494, 0.7540125370025634, 0.7593689203262329, 0.7833175659179688, 0.7943519234657288, 0.7982571601867676, 0.8014952182769776, 0.7981374263763428, 0.7986965656280518, 0.8104937314987183, 0.8170362710952759, 0.8226258754730225, 0.8255501985549927, 0.8258621573448182, 0.8349757432937622, 0.8430516004562378, 0.8552777290344239, 0.8562605261802674, 0.8631753563880921, 0.8594291925430299, 0.871179723739624, 0.8877969145774841, 0.8819576501846313, 0.8904107928276062, 0.8953199505805969, 0.9005330801010132, 0.9100506067276001, 0.910701847076416, 0.9165741205215454, 0.9211422443389893, 0.9275095224380493, 0.9326408386230469, 0.9339088678359986, 0.9356392145156861, 0.9401516914367676, 0.9444177150726318, 0.9478447437286377, 0.952444565296173, 0.9555678009986878, 0.9596606254577636, 0.9599615097045898, 0.9616023898124695, 0.958617627620697, 0.9598153233528137, 0.9648211836814881, 0.9645791530609131, 0.9685388088226319, 0.9677636981010437, 0.9680987954139709, 0.969606363773346, 0.9691679000854493, 0.9700392961502076, 0.9720420241355896, 0.9719693899154663, 0.972376298904419, 0.9725883722305299, 0.9721665501594544, 0.9726068854331971, 0.9716419339179992],