{"train": [1.9418157758042454, 1.4547201924430677, 1.2004575298997922, 1.0001856835124592, 0.8567872088366804, 0.7645585740717075, 0.7041530211131793, 0.6512587089508105, 0.6137196380680743, 0.5877990207542627, 0.5592240199875146, 0.5292543644150987, 0.5198881665167336, 0.497943694123064, 0.4804492552821248, 0.46799781013982367, 0.4551818170867408, 0.4382960203166206, 0.42872292979266313, 0.4206375820092119, 0.41182201753218717, 0.40445936764010226, 0.3977650803403732, 0.39148987210787145, 0.37420780732989695, 0.36647485924985845, 0.36317402505265256, 0.3624739530749214, 0.3591781452345772, 0.3479596776322435, 0.3395871731895989, 0.3287709012103919, 0.3260515970163071, 0.32795924448167174, 0.31702994210080215, 0.31365610878117167, 0.3112681952718729, 0.30107490746929244, 0.2933455636611762, 0.2909917985193265, 0.28520588167368793, 0.2835263530857647, 0.27953727593341954, 0.268909645204346, 0.26788246188872156, 0.26395690203093874, 0.2536644896093649, 0.25119510707192527, 0.24169342422161622, 0.24504155061020258, 0.24224278299858015, 0.2323354270083074, 0.22897257463048443, 0.22894151313617206, 0.2171962352844473, 0.21599023505902518, 0.21119989002474582, 0.20002088650537375, 0.20251946582104832, 0.19006911089149908, 0.194274590561946, 0.1800823925068965, 0.17796865555520255, 0.17480768027682655, 0.16754790245534512, 0.17036829791225183, 0.16373652833909652, 0.1572918453679298, 0.14848486105569256, 0.14824515126478938, 0.14499104356232542, 0.13986890829694917, 0.13526491262613774, 0.13061669674782325, 0.126389429592096, 0.12168837562441445, 0.11906950904157595, 0.11355672303004005, 0.1134278292354113, 0.10778586825909325, 0.10540736320252997, 0.10153357062143639, 0.0997407017067408, 0.10136380162054358, 0.09648880417259356, 0.0939023556491247, 0.0939168562761511, 0.08992647660521273, 0.08994521223270474, 0.08944377493553649, 0.08680565632617893, 0.08673901204912426, 0.08579604385997922, 0.08461884278268479, 0.08354162987166891, 0.0832834847200031, 0.08301016836525343, 0.08043368063129175, 0.08282151577857355, 0.08203650545626402], "val": [1.6046360373497008, 1.3900006532669067, 1.1689024448394776, 0.9506213009357453, 0.8234348446130753, 0.7671365052461624, 0.712546756863594, 0.6760090857744216, 0.6716205418109894, 0.6259078025817871, 0.6435124486684799, 0.6060553252696991, 0.6120014965534211, 0.6091134518384933, 0.5470591709017754, 0.5500490054488182, 0.5392527103424072, 0.5611118212342262, 0.5244761794805527, 0.5217909663915634, 0.5290537208318711, 0.5013175725936889, 0.516428142786026, 0.46144996732473376, 0.5331494987010956, 0.4949442848563194, 0.47444640249013903, 0.5149355217814445, 0.4896338939666748, 0.48679854571819303, 0.4611062005162239, 0.4976181834936142, 0.48377079963684083, 0.4611661538481712, 0.45689778625965116, 0.4394575521349907, 0.46007265597581865, 0.437272447347641, 0.4181458204984665, 0.44735036343336104, 0.4332053914666176, 0.45557238161563873, 0.4307141348719597, 0.4483534187078476, 0.4556432455778122, 0.455066105723381, 0.4601538583636284, 0.41647965013980864, 0.4373146936297417, 0.43438109308481215, 0.41890181601047516, 0.4296519622206688, 0.40904695391654966, 0.4213184967637062, 0.42183083295822144, 0.41141729801893234, 0.4235511139035225, 0.41420632898807525, 0.4053895026445389, 0.3939973086118698, 0.3928212821483612, 0.4001983255147934, 0.3927124604582787, 0.3955428197979927, 0.40060348957777026, 0.381196616590023, 0.4073062986135483, 0.39186331629753113, 0.39289426654577253, 0.38578502237796786, 0.39074376970529556, 0.39762532114982607, 0.386310501396656, 0.38214722126722334, 0.37677313983440397, 0.3786764442920685, 0.38493482768535614, 0.3877158030867577, 0.375105020403862, 0.3751355141401291, 0.3721354231238365, 0.3691768482327461, 0.3683463841676712, 0.37349143624305725, 0.36010144352912904, 0.3705439239740372, 0.3778324708342552, 0.3708228275179863, 0.36795570850372317, 0.3665956065058708, 0.36308366507291795, 0.35899785459041594, 0.36962020844221116, 0.3709760993719101, 0.3641307011246681, 0.3750253081321716, 0.3608366698026657, 0.367837093770504, 0.3619542866945267, 0.3692147985100746]}